video,camara,fecha,hora_inicio,segundo,orden,archivo,ruta,bytes,ancho,alto,brillo,contraste,kib,brillo_relativo,contraste_relativo,es_brillo_anomalo,es_contraste_alto,es_anomalo
20240805_215845_tp00007,tp00007,2024-08-05,21:58:45,0,1,20240805_215845_tp00007_t0000s_1.jpg,data/processed/20240805_215845_tp00007/20240805_215845_tp00007_t0000s_1.jpg,621109,1920,1080,104.23,53.73,607.0,0.931,1.108,False,False,False
20240805_215845_tp00007,tp00007,2024-08-05,21:58:45,20,2,20240805_215845_tp00007_t0020s_2.jpg,data/processed/20240805_215845_tp00007/20240805_215845_tp00007_t0020s_2.jpg,239430,1920,1080,95.9,63.19,234.0,0.856,1.303,True,True,True
20240805_215845_tp00007,tp00007,2024-08-05,21:58:45,40,3,20240805_215845_tp00007_t0040s_3.jpg,data/processed/20240805_215845_tp00007/20240805_215845_tp00007_t0040s_3.jpg,622668,1920,1080,105.73,52.5,608.0,0.944,1.082,False,False,False
20240805_215845_tp00007,tp00007,2024-08-05,21:58:45,60,4,20240805_215845_tp00007_t0060s_4.jpg,data/processed/20240805_215845_tp00007/20240805_215845_tp00007_t0060s_4.jpg,630942,1920,1080,106.28,53.2,616.0,0.949,1.097,False,False,False
20240805_215845_tp00007,tp00007,2024-08-05,21:58:45,80,5,20240805_215845_tp00007_t0080s_5.jpg,data/processed/20240805_215845_tp00007/20240805_215845_tp00007_t0080s_5.jpg,647417,1920,1080,106.44,53.36,632.0,0.951,1.1,False,False,False
20240805_215845_tp00007,tp00007,2024-08-05,21:58:45,100,6,20240805_215845_tp00007_t0100s_6.jpg,data/processed/20240805_215845_tp00007/20240805_215845_tp00007_t0100s_6.jpg,621779,1920,1080,107.72,53.09,607.0,0.962,1.094,False,False,False
20240805_215845_tp00007,tp00007,2024-08-05,21:58:45,120,7,20240805_215845_tp00007_t0120s_7.jpg,data/processed/20240805_215845_tp00007/20240805_215845_tp00007_t0120s_7.jpg,653035,1920,1080,107.48,52.11,638.0,0.96,1.074,False,False,False
20240805_215845_tp00007,tp00007,2024-08-05,21:58:45,140,8,20240805_215845_tp00007_t0140s_8.jpg,data/processed/20240805_215845_tp00007/20240805_215845_tp00007_t0140s_8.jpg,653984,1920,1080,108.71,52.8,639.0,0.971,1.088,False,False,False
20240805_215845_tp00007,tp00007,2024-08-05,21:58:45,160,9,20240805_215845_tp00007_t0160s_9.jpg,data/processed/20240805_215845_tp00007/20240805_215845_tp00007_t0160s_9.jpg,647776,1920,1080,108.69,52.13,633.0,0.971,1.075,False,False,False
20240805_215845_tp00007,tp00007,2024-08-05,21:58:45,180,10,20240805_215845_tp00007_t0180s_10.jpg,data/processed/20240805_215845_tp00007/20240805_215845_tp00007_t0180s_10.jpg,646835,1920,1080,110.61,52.21,632.0,0.988,1.076,False,False,False
20240805_215845_tp00007,tp00007,2024-08-05,21:58:45,200,11,20240805_215845_tp00007_t0200s_11.jpg,data/processed/20240805_215845_tp00007/20240805_215845_tp00007_t0200s_11.jpg,640558,1920,1080,108.6,51.41,626.0,0.97,1.06,False,False,False
20240805_215845_tp00007,tp00007,2024-08-05,21:58:45,220,12,20240805_215845_tp00007_t0220s_12.jpg,data/processed/20240805_215845_tp00007/20240805_215845_tp00007_t0220s_12.jpg,628093,1920,1080,109.79,50.09,613.0,0.98,1.033,False,False,False
20240805_215845_tp00007,tp00007,2024-08-05,21:58:45,240,13,20240805_215845_tp00007_t0240s_13.jpg,data/processed/20240805_215845_tp00007/20240805_215845_tp00007_t0240s_13.jpg,634100,1920,1080,110.74,50.64,619.0,0.989,1.044,False,False,False
20240805_215845_tp00007,tp00007,2024-08-05,21:58:45,260,14,20240805_215845_tp00007_t0260s_14.jpg,data/processed/20240805_215845_tp00007/20240805_215845_tp00007_t0260s_14.jpg,648767,1920,1080,109.27,49.99,634.0,0.976,1.031,False,False,False
20240805_215845_tp00007,tp00007,2024-08-05,21:58:45,280,15,20240805_215845_tp00007_t0280s_15.jpg,data/processed/20240805_215845_tp00007/20240805_215845_tp00007_t0280s_15.jpg,629849,1920,1080,111.01,49.15,615.0,0.991,1.013,False,False,False
20240805_215845_tp00007,tp00007,2024-08-05,21:58:45,300,16,20240805_215845_tp00007_t0300s_16.jpg,data/processed/20240805_215845_tp00007/20240805_215845_tp00007_t0300s_16.jpg,604747,1920,1080,111.34,49.03,591.0,0.994,1.011,False,False,False
20240805_215845_tp00007,tp00007,2024-08-05,21:58:45,320,17,20240805_215845_tp00007_t0320s_17.jpg,data/processed/20240805_215845_tp00007/20240805_215845_tp00007_t0320s_17.jpg,629572,1920,1080,110.0,49.05,615.0,0.982,1.011,False,False,False
20240805_215845_tp00007,tp00007,2024-08-05,21:58:45,340,18,20240805_215845_tp00007_t0340s_18.jpg,data/processed/20240805_215845_tp00007/20240805_215845_tp00007_t0340s_18.jpg,628272,1920,1080,110.97,49.84,614.0,0.991,1.027,False,False,False
20240805_215845_tp00007,tp00007,2024-08-05,21:58:45,360,19,20240805_215845_tp00007_t0360s_19.jpg,data/processed/20240805_215845_tp00007/20240805_215845_tp00007_t0360s_19.jpg,612454,1920,1080,109.44,49.23,598.0,0.977,1.015,False,False,False
20240805_215845_tp00007,tp00007,2024-08-05,21:58:45,380,20,20240805_215845_tp00007_t0380s_20.jpg,data/processed/20240805_215845_tp00007/20240805_215845_tp00007_t0380s_20.jpg,663660,1920,1080,108.24,50.38,648.0,0.967,1.039,False,False,False
20240805_215845_tp00007,tp00007,2024-08-05,21:58:45,400,21,20240805_215845_tp00007_t0400s_21.jpg,data/processed/20240805_215845_tp00007/20240805_215845_tp00007_t0400s_21.jpg,626842,1920,1080,108.32,50.53,612.0,0.967,1.042,False,False,False
20240805_215845_tp00007,tp00007,2024-08-05,21:58:45,420,22,20240805_215845_tp00007_t0420s_22.jpg,data/processed/20240805_215845_tp00007/20240805_215845_tp00007_t0420s_22.jpg,668840,1920,1080,109.62,50.81,653.0,0.979,1.047,False,False,False
20240805_215845_tp00007,tp00007,2024-08-05,21:58:45,440,23,20240805_215845_tp00007_t0440s_23.jpg,data/processed/20240805_215845_tp00007/20240805_215845_tp00007_t0440s_23.jpg,661999,1920,1080,110.08,50.32,646.0,0.983,1.037,False,False,False
20240805_215845_tp00007,tp00007,2024-08-05,21:58:45,460,24,20240805_215845_tp00007_t0460s_24.jpg,data/processed/20240805_215845_tp00007/20240805_215845_tp00007_t0460s_24.jpg,650281,1920,1080,112.25,50.05,635.0,1.002,1.032,False,False,False
20240805_215845_tp00007,tp00007,2024-08-05,21:58:45,480,25,20240805_215845_tp00007_t0480s_25.jpg,data/processed/20240805_215845_tp00007/20240805_215845_tp00007_t0480s_25.jpg,639008,1920,1080,110.92,48.53,624.0,0.991,1.0,False,False,False
20240805_215845_tp00007,tp00007,2024-08-05,21:58:45,500,26,20240805_215845_tp00007_t0500s_26.jpg,data/processed/20240805_215845_tp00007/20240805_215845_tp00007_t0500s_26.jpg,645586,1920,1080,111.41,49.31,630.0,0.995,1.016,False,False,False
20240805_215845_tp00007,tp00007,2024-08-05,21:58:45,520,27,20240805_215845_tp00007_t0520s_27.jpg,data/processed/20240805_215845_tp00007/20240805_215845_tp00007_t0520s_27.jpg,630101,1920,1080,111.57,49.21,615.0,0.996,1.014,False,False,False
20240805_215845_tp00007,tp00007,2024-08-05,21:58:45,540,28,20240805_215845_tp00007_t0540s_28.jpg,data/processed/20240805_215845_tp00007/20240805_215845_tp00007_t0540s_28.jpg,634862,1920,1080,110.23,48.45,620.0,0.984,0.999,False,False,False
20240805_215845_tp00007,tp00007,2024-08-05,21:58:45,560,29,20240805_215845_tp00007_t0560s_29.jpg,data/processed/20240805_215845_tp00007/20240805_215845_tp00007_t0560s_29.jpg,645291,1920,1080,110.93,49.21,630.0,0.991,1.014,False,False,False
20240805_215845_tp00007,tp00007,2024-08-05,21:58:45,580,30,20240805_215845_tp00007_t0580s_30.jpg,data/processed/20240805_215845_tp00007/20240805_215845_tp00007_t0580s_30.jpg,641240,1920,1080,112.74,48.17,626.0,1.007,0.993,False,False,False
20240805_215845_tp00007,tp00007,2024-08-05,21:58:45,600,31,20240805_215845_tp00007_t0600s_31.jpg,data/processed/20240805_215845_tp00007/20240805_215845_tp00007_t0600s_31.jpg,650733,1920,1080,112.56,48.46,635.0,1.005,0.999,False,False,False
20240805_215845_tp00007,tp00007,2024-08-05,21:58:45,620,32,20240805_215845_tp00007_t0620s_32.jpg,data/processed/20240805_215845_tp00007/20240805_215845_tp00007_t0620s_32.jpg,647885,1920,1080,111.04,48.09,633.0,0.992,0.991,False,False,False
20240805_215845_tp00007,tp00007,2024-08-05,21:58:45,640,33,20240805_215845_tp00007_t0640s_33.jpg,data/processed/20240805_215845_tp00007/20240805_215845_tp00007_t0640s_33.jpg,653957,1920,1080,111.48,47.97,639.0,0.996,0.989,False,False,False
20240805_215845_tp00007,tp00007,2024-08-05,21:58:45,660,34,20240805_215845_tp00007_t0660s_34.jpg,data/processed/20240805_215845_tp00007/20240805_215845_tp00007_t0660s_34.jpg,657120,1920,1080,112.11,48.82,642.0,1.001,1.006,False,False,False
20240805_215845_tp00007,tp00007,2024-08-05,21:58:45,680,35,20240805_215845_tp00007_t0680s_35.jpg,data/processed/20240805_215845_tp00007/20240805_215845_tp00007_t0680s_35.jpg,654503,1920,1080,111.99,48.49,639.0,1.0,1.0,False,False,False
20240805_215845_tp00007,tp00007,2024-08-05,21:58:45,700,36,20240805_215845_tp00007_t0700s_36.jpg,data/processed/20240805_215845_tp00007/20240805_215845_tp00007_t0700s_36.jpg,633602,1920,1080,111.98,48.03,619.0,1.0,0.99,False,False,False
20240805_215845_tp00007,tp00007,2024-08-05,21:58:45,720,37,20240805_215845_tp00007_t0720s_37.jpg,data/processed/20240805_215845_tp00007/20240805_215845_tp00007_t0720s_37.jpg,640027,1920,1080,112.92,48.55,625.0,1.008,1.001,False,False,False
20240805_215845_tp00007,tp00007,2024-08-05,21:58:45,740,38,20240805_215845_tp00007_t0740s_38.jpg,data/processed/20240805_215845_tp00007/20240805_215845_tp00007_t0740s_38.jpg,626312,1920,1080,113.79,47.4,612.0,1.016,0.977,False,False,False
20240805_215845_tp00007,tp00007,2024-08-05,21:58:45,760,39,20240805_215845_tp00007_t0760s_39.jpg,data/processed/20240805_215845_tp00007/20240805_215845_tp00007_t0760s_39.jpg,633423,1920,1080,111.77,47.67,619.0,0.998,0.983,False,False,False
20240805_215845_tp00007,tp00007,2024-08-05,21:58:45,780,40,20240805_215845_tp00007_t0780s_40.jpg,data/processed/20240805_215845_tp00007/20240805_215845_tp00007_t0780s_40.jpg,658202,1920,1080,112.1,47.44,643.0,1.001,0.978,False,False,False
20240805_215845_tp00007,tp00007,2024-08-05,21:58:45,800,41,20240805_215845_tp00007_t0800s_41.jpg,data/processed/20240805_215845_tp00007/20240805_215845_tp00007_t0800s_41.jpg,653561,1920,1080,112.42,47.13,638.0,1.004,0.972,False,False,False
20240805_215845_tp00007,tp00007,2024-08-05,21:58:45,820,42,20240805_215845_tp00007_t0820s_42.jpg,data/processed/20240805_215845_tp00007/20240805_215845_tp00007_t0820s_42.jpg,635669,1920,1080,113.22,46.65,621.0,1.011,0.962,False,False,False
20240805_215845_tp00007,tp00007,2024-08-05,21:58:45,840,43,20240805_215845_tp00007_t0840s_43.jpg,data/processed/20240805_215845_tp00007/20240805_215845_tp00007_t0840s_43.jpg,599811,1920,1080,114.03,45.79,586.0,1.018,0.944,False,False,False
20240805_215845_tp00007,tp00007,2024-08-05,21:58:45,860,44,20240805_215845_tp00007_t0860s_44.jpg,data/processed/20240805_215845_tp00007/20240805_215845_tp00007_t0860s_44.jpg,622824,1920,1080,113.75,45.99,608.0,1.016,0.948,False,False,False
20240805_215845_tp00007,tp00007,2024-08-05,21:58:45,880,45,20240805_215845_tp00007_t0880s_45.jpg,data/processed/20240805_215845_tp00007/20240805_215845_tp00007_t0880s_45.jpg,618836,1920,1080,113.83,46.81,604.0,1.017,0.965,False,False,False
20240805_215845_tp00007,tp00007,2024-08-05,21:58:45,900,46,20240805_215845_tp00007_t0900s_46.jpg,data/processed/20240805_215845_tp00007/20240805_215845_tp00007_t0900s_46.jpg,572697,1920,1080,114.0,45.87,559.0,1.018,0.946,False,False,False
20240805_215845_tp00007,tp00007,2024-08-05,21:58:45,920,47,20240805_215845_tp00007_t0920s_47.jpg,data/processed/20240805_215845_tp00007/20240805_215845_tp00007_t0920s_47.jpg,648233,1920,1080,113.01,48.53,633.0,1.009,1.0,False,False,False
20240805_215845_tp00007,tp00007,2024-08-05,21:58:45,940,48,20240805_215845_tp00007_t0940s_48.jpg,data/processed/20240805_215845_tp00007/20240805_215845_tp00007_t0940s_48.jpg,647427,1920,1080,113.44,48.32,632.0,1.013,0.996,False,False,False
20240805_215845_tp00007,tp00007,2024-08-05,21:58:45,960,49,20240805_215845_tp00007_t0960s_49.jpg,data/processed/20240805_215845_tp00007/20240805_215845_tp00007_t0960s_49.jpg,635994,1920,1080,114.47,48.51,621.0,1.022,1.0,False,False,False
20240805_215845_tp00007,tp00007,2024-08-05,21:58:45,980,50,20240805_215845_tp00007_t0980s_50.jpg,data/processed/20240805_215845_tp00007/20240805_215845_tp00007_t0980s_50.jpg,623768,1920,1080,113.52,47.82,609.0,1.014,0.986,False,False,False
20240805_215845_tp00007,tp00007,2024-08-05,21:58:45,1000,51,20240805_215845_tp00007_t1000s_51.jpg,data/processed/20240805_215845_tp00007/20240805_215845_tp00007_t1000s_51.jpg,625015,1920,1080,113.86,46.49,610.0,1.017,0.958,False,False,False
20240805_215845_tp00007,tp00007,2024-08-05,21:58:45,1020,52,20240805_215845_tp00007_t1020s_52.jpg,data/processed/20240805_215845_tp00007/20240805_215845_tp00007_t1020s_52.jpg,585256,1920,1080,114.82,46.06,572.0,1.025,0.949,False,False,False
20240805_215845_tp00007,tp00007,2024-08-05,21:58:45,1040,53,20240805_215845_tp00007_t1040s_53.jpg,data/processed/20240805_215845_tp00007/20240805_215845_tp00007_t1040s_53.jpg,640895,1920,1080,114.23,47.28,626.0,1.02,0.975,False,False,False
20240805_215845_tp00007,tp00007,2024-08-05,21:58:45,1060,54,20240805_215845_tp00007_t1060s_54.jpg,data/processed/20240805_215845_tp00007/20240805_215845_tp00007_t1060s_54.jpg,645629,1920,1080,114.66,47.19,630.0,1.024,0.973,False,False,False
20240805_215845_tp00007,tp00007,2024-08-05,21:58:45,1080,55,20240805_215845_tp00007_t1080s_55.jpg,data/processed/20240805_215845_tp00007/20240805_215845_tp00007_t1080s_55.jpg,561354,1920,1080,115.23,45.07,548.0,1.029,0.929,False,False,False
20240805_215845_tp00007,tp00007,2024-08-05,21:58:45,1100,56,20240805_215845_tp00007_t1100s_56.jpg,data/processed/20240805_215845_tp00007/20240805_215845_tp00007_t1100s_56.jpg,643355,1920,1080,114.86,46.56,628.0,1.026,0.96,False,False,False
20240805_215845_tp00007,tp00007,2024-08-05,21:58:45,1120,57,20240805_215845_tp00007_t1120s_57.jpg,data/processed/20240805_215845_tp00007/20240805_215845_tp00007_t1120s_57.jpg,641294,1920,1080,114.67,46.6,626.0,1.024,0.961,False,False,False
20240805_215845_tp00007,tp00007,2024-08-05,21:58:45,1140,58,20240805_215845_tp00007_t1140s_58.jpg,data/processed/20240805_215845_tp00007/20240805_215845_tp00007_t1140s_58.jpg,628963,1920,1080,113.04,46.77,614.0,1.009,0.964,False,False,False
20240805_215845_tp00007,tp00007,2024-08-05,21:58:45,1160,59,20240805_215845_tp00007_t1160s_59.jpg,data/processed/20240805_215845_tp00007/20240805_215845_tp00007_t1160s_59.jpg,625074,1920,1080,113.57,47.04,610.0,1.014,0.97,False,False,False
20240805_215845_tp00007,tp00007,2024-08-05,21:58:45,1180,60,20240805_215845_tp00007_t1180s_60.jpg,data/processed/20240805_215845_tp00007/20240805_215845_tp00007_t1180s_60.jpg,619566,1920,1080,114.3,47.42,605.0,1.021,0.978,False,False,False
20240805_215845_tp00007,tp00007,2024-08-05,21:58:45,1200,61,20240805_215845_tp00007_t1200s_61.jpg,data/processed/20240805_215845_tp00007/20240805_215845_tp00007_t1200s_61.jpg,635759,1920,1080,114.87,46.98,621.0,1.026,0.968,False,False,False
20240805_215845_tp00007,tp00007,2024-08-05,21:58:45,1220,62,20240805_215845_tp00007_t1220s_62.jpg,data/processed/20240805_215845_tp00007/20240805_215845_tp00007_t1220s_62.jpg,640626,1920,1080,114.99,46.9,626.0,1.027,0.967,False,False,False
20240805_215845_tp00007,tp00007,2024-08-05,21:58:45,1240,63,20240805_215845_tp00007_t1240s_63.jpg,data/processed/20240805_215845_tp00007/20240805_215845_tp00007_t1240s_63.jpg,611851,1920,1080,116.01,46.22,598.0,1.036,0.953,False,False,False
20240805_215845_tp00015,tp00015,2024-08-05,21:58:45,0,1,20240805_215845_tp00015_t0000s_1.jpg,data/processed/20240805_215845_tp00015/20240805_215845_tp00015_t0000s_1.jpg,795868,1920,1080,121.44,47.57,777.0,1.007,1.038,False,False,False
20240805_215845_tp00015,tp00015,2024-08-05,21:58:45,20,2,20240805_215845_tp00015_t0020s_2.jpg,data/processed/20240805_215845_tp00015/20240805_215845_tp00015_t0020s_2.jpg,419314,1920,1080,115.61,56.49,409.0,0.959,1.232,False,True,True
20240805_215845_tp00015,tp00015,2024-08-05,21:58:45,40,3,20240805_215845_tp00015_t0040s_3.jpg,data/processed/20240805_215845_tp00015/20240805_215845_tp00015_t0040s_3.jpg,739232,1920,1080,120.93,46.05,722.0,1.003,1.004,False,False,False
20240805_215845_tp00015,tp00015,2024-08-05,21:58:45,60,4,20240805_215845_tp00015_t0060s_4.jpg,data/processed/20240805_215845_tp00015/20240805_215845_tp00015_t0060s_4.jpg,767762,1920,1080,120.55,46.29,750.0,1.0,1.01,False,False,False
20240805_215845_tp00015,tp00015,2024-08-05,21:58:45,80,5,20240805_215845_tp00015_t0080s_5.jpg,data/processed/20240805_215845_tp00015/20240805_215845_tp00015_t0080s_5.jpg,799777,1920,1080,120.9,47.04,781.0,1.002,1.026,False,False,False
20240805_215845_tp00015,tp00015,2024-08-05,21:58:45,100,6,20240805_215845_tp00015_t0100s_6.jpg,data/processed/20240805_215845_tp00015/20240805_215845_tp00015_t0100s_6.jpg,779379,1920,1080,121.14,47.15,761.0,1.004,1.028,False,False,False
20240805_215845_tp00015,tp00015,2024-08-05,21:58:45,120,7,20240805_215845_tp00015_t0120s_7.jpg,data/processed/20240805_215845_tp00015/20240805_215845_tp00015_t0120s_7.jpg,781567,1920,1080,121.94,47.31,763.0,1.011,1.032,False,False,False
20240805_215845_tp00015,tp00015,2024-08-05,21:58:45,140,8,20240805_215845_tp00015_t0140s_8.jpg,data/processed/20240805_215845_tp00015/20240805_215845_tp00015_t0140s_8.jpg,781482,1920,1080,121.13,47.45,763.0,1.004,1.035,False,False,False
20240805_215845_tp00015,tp00015,2024-08-05,21:58:45,160,9,20240805_215845_tp00015_t0160s_9.jpg,data/processed/20240805_215845_tp00015/20240805_215845_tp00015_t0160s_9.jpg,773290,1920,1080,120.91,46.92,755.0,1.002,1.023,False,False,False
20240805_215845_tp00015,tp00015,2024-08-05,21:58:45,180,10,20240805_215845_tp00015_t0180s_10.jpg,data/processed/20240805_215845_tp00015/20240805_215845_tp00015_t0180s_10.jpg,778790,1920,1080,121.29,48.2,761.0,1.006,1.051,False,False,False
20240805_215845_tp00015,tp00015,2024-08-05,21:58:45,200,11,20240805_215845_tp00015_t0200s_11.jpg,data/processed/20240805_215845_tp00015/20240805_215845_tp00015_t0200s_11.jpg,735176,1920,1080,120.82,46.57,718.0,1.002,1.016,False,False,False
20240805_215845_tp00015,tp00015,2024-08-05,21:58:45,220,12,20240805_215845_tp00015_t0220s_12.jpg,data/processed/20240805_215845_tp00015/20240805_215845_tp00015_t0220s_12.jpg,780100,1920,1080,120.97,47.25,762.0,1.003,1.031,False,False,False
20240805_215845_tp00015,tp00015,2024-08-05,21:58:45,240,13,20240805_215845_tp00015_t0240s_13.jpg,data/processed/20240805_215845_tp00015/20240805_215845_tp00015_t0240s_13.jpg,759950,1920,1080,120.53,47.51,742.0,0.999,1.036,False,False,False
20240805_215845_tp00015,tp00015,2024-08-05,21:58:45,260,14,20240805_215845_tp00015_t0260s_14.jpg,data/processed/20240805_215845_tp00015/20240805_215845_tp00015_t0260s_14.jpg,781924,1920,1080,122.15,47.54,764.0,1.013,1.037,False,False,False
20240805_215845_tp00015,tp00015,2024-08-05,21:58:45,280,15,20240805_215845_tp00015_t0280s_15.jpg,data/processed/20240805_215845_tp00015/20240805_215845_tp00015_t0280s_15.jpg,772782,1920,1080,121.43,47.82,755.0,1.007,1.043,False,False,False
20240805_215845_tp00015,tp00015,2024-08-05,21:58:45,300,16,20240805_215845_tp00015_t0300s_16.jpg,data/processed/20240805_215845_tp00015/20240805_215845_tp00015_t0300s_16.jpg,778985,1920,1080,120.8,47.85,761.0,1.002,1.044,False,False,False
20240805_215845_tp00015,tp00015,2024-08-05,21:58:45,320,17,20240805_215845_tp00015_t0320s_17.jpg,data/processed/20240805_215845_tp00015/20240805_215845_tp00015_t0320s_17.jpg,514552,1920,1080,126.99,32.65,502.0,1.053,0.712,False,False,False
20240805_215845_tp00015,tp00015,2024-08-05,21:58:45,340,18,20240805_215845_tp00015_t0340s_18.jpg,data/processed/20240805_215845_tp00015/20240805_215845_tp00015_t0340s_18.jpg,692488,1920,1080,122.41,41.64,676.0,1.015,0.908,False,False,False
20240805_215845_tp00015,tp00015,2024-08-05,21:58:45,360,19,20240805_215845_tp00015_t0360s_19.jpg,data/processed/20240805_215845_tp00015/20240805_215845_tp00015_t0360s_19.jpg,752946,1920,1080,122.19,45.48,735.0,1.013,0.992,False,False,False
20240805_215845_tp00015,tp00015,2024-08-05,21:58:45,380,20,20240805_215845_tp00015_t0380s_20.jpg,data/processed/20240805_215845_tp00015/20240805_215845_tp00015_t0380s_20.jpg,750241,1920,1080,121.21,45.15,733.0,1.005,0.985,False,False,False
20240805_215845_tp00015,tp00015,2024-08-05,21:58:45,400,21,20240805_215845_tp00015_t0400s_21.jpg,data/processed/20240805_215845_tp00015/20240805_215845_tp00015_t0400s_21.jpg,733244,1920,1080,120.35,45.49,716.0,0.998,0.992,False,False,False
20240805_215845_tp00015,tp00015,2024-08-05,21:58:45,420,22,20240805_215845_tp00015_t0420s_22.jpg,data/processed/20240805_215845_tp00015/20240805_215845_tp00015_t0420s_22.jpg,744753,1920,1080,120.58,45.18,727.0,1.0,0.985,False,False,False
20240805_215845_tp00015,tp00015,2024-08-05,21:58:45,440,23,20240805_215845_tp00015_t0440s_23.jpg,data/processed/20240805_215845_tp00015/20240805_215845_tp00015_t0440s_23.jpg,754520,1920,1080,120.14,45.38,737.0,0.996,0.99,False,False,False
20240805_215845_tp00015,tp00015,2024-08-05,21:58:45,460,24,20240805_215845_tp00015_t0460s_24.jpg,data/processed/20240805_215845_tp00015/20240805_215845_tp00015_t0460s_24.jpg,773706,1920,1080,120.83,45.48,756.0,1.002,0.992,False,False,False
20240805_215845_tp00015,tp00015,2024-08-05,21:58:45,480,25,20240805_215845_tp00015_t0480s_25.jpg,data/processed/20240805_215845_tp00015/20240805_215845_tp00015_t0480s_25.jpg,727078,1920,1080,120.99,46.52,710.0,1.003,1.015,False,False,False
20240805_215845_tp00015,tp00015,2024-08-05,21:58:45,500,26,20240805_215845_tp00015_t0500s_26.jpg,data/processed/20240805_215845_tp00015/20240805_215845_tp00015_t0500s_26.jpg,741693,1920,1080,120.61,45.99,724.0,1.0,1.003,False,False,False
20240805_215845_tp00015,tp00015,2024-08-05,21:58:45,520,27,20240805_215845_tp00015_t0520s_27.jpg,data/processed/20240805_215845_tp00015/20240805_215845_tp00015_t0520s_27.jpg,721510,1920,1080,119.18,45.13,705.0,0.988,0.984,False,False,False
20240805_215845_tp00015,tp00015,2024-08-05,21:58:45,540,28,20240805_215845_tp00015_t0540s_28.jpg,data/processed/20240805_215845_tp00015/20240805_215845_tp00015_t0540s_28.jpg,738075,1920,1080,119.76,45.26,721.0,0.993,0.987,False,False,False
20240805_215845_tp00015,tp00015,2024-08-05,21:58:45,560,29,20240805_215845_tp00015_t0560s_29.jpg,data/processed/20240805_215845_tp00015/20240805_215845_tp00015_t0560s_29.jpg,774219,1920,1080,119.8,46.14,756.0,0.993,1.006,False,False,False
20240805_215845_tp00015,tp00015,2024-08-05,21:58:45,580,30,20240805_215845_tp00015_t0580s_30.jpg,data/processed/20240805_215845_tp00015/20240805_215845_tp00015_t0580s_30.jpg,758027,1920,1080,120.13,46.27,740.0,0.996,1.009,False,False,False
20240805_215845_tp00015,tp00015,2024-08-05,21:58:45,600,31,20240805_215845_tp00015_t0600s_31.jpg,data/processed/20240805_215845_tp00015/20240805_215845_tp00015_t0600s_31.jpg,763960,1920,1080,120.04,46.25,746.0,0.995,1.009,False,False,False
20240805_215845_tp00015,tp00015,2024-08-05,21:58:45,620,32,20240805_215845_tp00015_t0620s_32.jpg,data/processed/20240805_215845_tp00015/20240805_215845_tp00015_t0620s_32.jpg,760295,1920,1080,120.01,46.41,742.0,0.995,1.012,False,False,False
20240805_215845_tp00015,tp00015,2024-08-05,21:58:45,640,33,20240805_215845_tp00015_t0640s_33.jpg,data/processed/20240805_215845_tp00015/20240805_215845_tp00015_t0640s_33.jpg,754637,1920,1080,119.68,46.05,737.0,0.992,1.004,False,False,False
20240805_215845_tp00015,tp00015,2024-08-05,21:58:45,660,34,20240805_215845_tp00015_t0660s_34.jpg,data/processed/20240805_215845_tp00015/20240805_215845_tp00015_t0660s_34.jpg,748432,1920,1080,119.6,46.08,731.0,0.992,1.005,False,False,False
20240805_215845_tp00015,tp00015,2024-08-05,21:58:45,680,35,20240805_215845_tp00015_t0680s_35.jpg,data/processed/20240805_215845_tp00015/20240805_215845_tp00015_t0680s_35.jpg,760832,1920,1080,119.77,45.68,743.0,0.993,0.996,False,False,False
20240805_215845_tp00015,tp00015,2024-08-05,21:58:45,700,36,20240805_215845_tp00015_t0700s_36.jpg,data/processed/20240805_215845_tp00015/20240805_215845_tp00015_t0700s_36.jpg,755330,1920,1080,119.5,46.0,738.0,0.991,1.003,False,False,False
20240805_215845_tp00015,tp00015,2024-08-05,21:58:45,720,37,20240805_215845_tp00015_t0720s_37.jpg,data/processed/20240805_215845_tp00015/20240805_215845_tp00015_t0720s_37.jpg,760436,1920,1080,119.71,45.35,743.0,0.993,0.989,False,False,False
20240805_215845_tp00015,tp00015,2024-08-05,21:58:45,740,38,20240805_215845_tp00015_t0740s_38.jpg,data/processed/20240805_215845_tp00015/20240805_215845_tp00015_t0740s_38.jpg,767553,1920,1080,120.62,44.96,750.0,1.0,0.981,False,False,False
20240805_215845_tp00015,tp00015,2024-08-05,21:58:45,760,39,20240805_215845_tp00015_t0760s_39.jpg,data/processed/20240805_215845_tp00015/20240805_215845_tp00015_t0760s_39.jpg,773544,1920,1080,119.9,45.58,755.0,0.994,0.994,False,False,False
20240805_215845_tp00015,tp00015,2024-08-05,21:58:45,780,40,20240805_215845_tp00015_t0780s_40.jpg,data/processed/20240805_215845_tp00015/20240805_215845_tp00015_t0780s_40.jpg,760663,1920,1080,119.14,45.94,743.0,0.988,1.002,False,False,False
20240805_215845_tp00015,tp00015,2024-08-05,21:58:45,800,41,20240805_215845_tp00015_t0800s_41.jpg,data/processed/20240805_215845_tp00015/20240805_215845_tp00015_t0800s_41.jpg,760051,1920,1080,119.64,45.95,742.0,0.992,1.002,False,False,False
20240805_215845_tp00015,tp00015,2024-08-05,21:58:45,820,42,20240805_215845_tp00015_t0820s_42.jpg,data/processed/20240805_215845_tp00015/20240805_215845_tp00015_t0820s_42.jpg,761563,1920,1080,121.0,45.42,744.0,1.003,0.991,False,False,False
20240805_215845_tp00015,tp00015,2024-08-05,21:58:45,840,43,20240805_215845_tp00015_t0840s_43.jpg,data/processed/20240805_215845_tp00015/20240805_215845_tp00015_t0840s_43.jpg,789318,1920,1080,120.03,45.8,771.0,0.995,0.999,False,False,False
20240805_215845_tp00015,tp00015,2024-08-05,21:58:45,860,44,20240805_215845_tp00015_t0860s_44.jpg,data/processed/20240805_215845_tp00015/20240805_215845_tp00015_t0860s_44.jpg,748033,1920,1080,120.08,45.52,731.0,0.996,0.993,False,False,False
20240805_215845_tp00015,tp00015,2024-08-05,21:58:45,880,45,20240805_215845_tp00015_t0880s_45.jpg,data/processed/20240805_215845_tp00015/20240805_215845_tp00015_t0880s_45.jpg,754919,1920,1080,119.91,45.62,737.0,0.994,0.995,False,False,False
20240805_215845_tp00015,tp00015,2024-08-05,21:58:45,900,46,20240805_215845_tp00015_t0900s_46.jpg,data/processed/20240805_215845_tp00015/20240805_215845_tp00015_t0900s_46.jpg,789467,1920,1080,120.53,45.85,771.0,0.999,1.0,False,False,False
20240805_215845_tp00015,tp00015,2024-08-05,21:58:45,920,47,20240805_215845_tp00015_t0920s_47.jpg,data/processed/20240805_215845_tp00015/20240805_215845_tp00015_t0920s_47.jpg,763635,1920,1080,119.22,45.41,746.0,0.988,0.99,False,False,False
20240805_215845_tp00015,tp00015,2024-08-05,21:58:45,940,48,20240805_215845_tp00015_t0940s_48.jpg,data/processed/20240805_215845_tp00015/20240805_215845_tp00015_t0940s_48.jpg,761695,1920,1080,119.92,45.18,744.0,0.994,0.985,False,False,False
20240805_215845_tp00015,tp00015,2024-08-05,21:58:45,960,49,20240805_215845_tp00015_t0960s_49.jpg,data/processed/20240805_215845_tp00015/20240805_215845_tp00015_t0960s_49.jpg,756704,1920,1080,119.8,45.06,739.0,0.993,0.983,False,False,False
20240805_215845_tp00015,tp00015,2024-08-05,21:58:45,980,50,20240805_215845_tp00015_t0980s_50.jpg,data/processed/20240805_215845_tp00015/20240805_215845_tp00015_t0980s_50.jpg,743453,1920,1080,118.7,45.27,726.0,0.984,0.987,False,False,False
20240805_215845_tp00015,tp00015,2024-08-05,21:58:45,1000,51,20240805_215845_tp00015_t1000s_51.jpg,data/processed/20240805_215845_tp00015/20240805_215845_tp00015_t1000s_51.jpg,782060,1920,1080,119.04,46.09,764.0,0.987,1.005,False,False,False
20240805_215845_tp00015,tp00015,2024-08-05,21:58:45,1020,52,20240805_215845_tp00015_t1020s_52.jpg,data/processed/20240805_215845_tp00015/20240805_215845_tp00015_t1020s_52.jpg,772184,1920,1080,118.84,45.69,754.0,0.985,0.997,False,False,False
20240805_215845_tp00015,tp00015,2024-08-05,21:58:45,1040,53,20240805_215845_tp00015_t1040s_53.jpg,data/processed/20240805_215845_tp00015/20240805_215845_tp00015_t1040s_53.jpg,778188,1920,1080,118.13,46.02,760.0,0.979,1.004,False,False,False
20240805_215845_tp00015,tp00015,2024-08-05,21:58:45,1060,54,20240805_215845_tp00015_t1060s_54.jpg,data/processed/20240805_215845_tp00015/20240805_215845_tp00015_t1060s_54.jpg,780473,1920,1080,121.74,45.7,762.0,1.009,0.997,False,False,False
20240805_215845_tp00015,tp00015,2024-08-05,21:58:45,1080,55,20240805_215845_tp00015_t1080s_55.jpg,data/processed/20240805_215845_tp00015/20240805_215845_tp00015_t1080s_55.jpg,777172,1920,1080,121.66,46.06,759.0,1.009,1.005,False,False,False
20240805_215845_tp00015,tp00015,2024-08-05,21:58:45,1100,56,20240805_215845_tp00015_t1100s_56.jpg,data/processed/20240805_215845_tp00015/20240805_215845_tp00015_t1100s_56.jpg,779052,1920,1080,121.8,45.51,761.0,1.01,0.993,False,False,False
20240805_215845_tp00015,tp00015,2024-08-05,21:58:45,1120,57,20240805_215845_tp00015_t1120s_57.jpg,data/processed/20240805_215845_tp00015/20240805_215845_tp00015_t1120s_57.jpg,767647,1920,1080,122.78,45.61,750.0,1.018,0.995,False,False,False
20240805_215845_tp00015,tp00015,2024-08-05,21:58:45,1140,58,20240805_215845_tp00015_t1140s_58.jpg,data/processed/20240805_215845_tp00015/20240805_215845_tp00015_t1140s_58.jpg,756753,1920,1080,122.43,45.19,739.0,1.015,0.986,False,False,False
20240805_215845_tp00015,tp00015,2024-08-05,21:58:45,1160,59,20240805_215845_tp00015_t1160s_59.jpg,data/processed/20240805_215845_tp00015/20240805_215845_tp00015_t1160s_59.jpg,764699,1920,1080,123.01,45.74,747.0,1.02,0.998,False,False,False
20240805_215845_tp00015,tp00015,2024-08-05,21:58:45,1180,60,20240805_215845_tp00015_t1180s_60.jpg,data/processed/20240805_215845_tp00015/20240805_215845_tp00015_t1180s_60.jpg,779676,1920,1080,122.24,45.73,761.0,1.014,0.997,False,False,False
20240805_215845_tp00015,tp00015,2024-08-05,21:58:45,1200,61,20240805_215845_tp00015_t1200s_61.jpg,data/processed/20240805_215845_tp00015/20240805_215845_tp00015_t1200s_61.jpg,772776,1920,1080,121.3,45.67,755.0,1.006,0.996,False,False,False
20240805_215845_tp00015,tp00015,2024-08-05,21:58:45,1220,62,20240805_215845_tp00015_t1220s_62.jpg,data/processed/20240805_215845_tp00015/20240805_215845_tp00015_t1220s_62.jpg,785998,1920,1080,121.35,45.9,768.0,1.006,1.001,False,False,False
20240805_215845_tp00015,tp00015,2024-08-05,21:58:45,1240,63,20240805_215845_tp00015_t1240s_63.jpg,data/processed/20240805_215845_tp00015/20240805_215845_tp00015_t1240s_63.jpg,779655,1920,1080,121.54,45.31,761.0,1.008,0.988,False,False,False
20260727_173621_tp00000,tp00000,2026-07-27,17:36:21,0,1,20260727_173621_tp00000_t0000s_1.jpg,data/processed/20260727_173621_tp00000/20260727_173621_tp00000_t0000s_1.jpg,644908,1920,1080,110.13,56.32,630.0,1.001,1.337,False,True,True
20260727_173621_tp00000,tp00000,2026-07-27,17:36:21,20,2,20260727_173621_tp00000_t0020s_2.jpg,data/processed/20260727_173621_tp00000/20260727_173621_tp00000_t0020s_2.jpg,615523,1920,1080,109.9,47.82,601.0,0.999,1.135,False,False,False
20260727_173621_tp00000,tp00000,2026-07-27,17:36:21,40,3,20260727_173621_tp00000_t0040s_3.jpg,data/processed/20260727_173621_tp00000/20260727_173621_tp00000_t0040s_3.jpg,557658,1920,1080,113.09,43.2,545.0,1.028,1.026,False,False,False
20260727_173621_tp00000,tp00000,2026-07-27,17:36:21,60,4,20260727_173621_tp00000_t0060s_4.jpg,data/processed/20260727_173621_tp00000/20260727_173621_tp00000_t0060s_4.jpg,558235,1920,1080,113.95,41.56,545.0,1.036,0.987,False,False,False
20260727_173621_tp00000,tp00000,2026-07-27,17:36:21,80,5,20260727_173621_tp00000_t0080s_5.jpg,data/processed/20260727_173621_tp00000/20260727_173621_tp00000_t0080s_5.jpg,584991,1920,1080,115.38,43.8,571.0,1.049,1.04,False,False,False
20260727_173621_tp00000,tp00000,2026-07-27,17:36:21,100,6,20260727_173621_tp00000_t0100s_6.jpg,data/processed/20260727_173621_tp00000/20260727_173621_tp00000_t0100s_6.jpg,602349,1920,1080,113.67,44.41,588.0,1.033,1.054,False,False,False
20260727_173621_tp00000,tp00000,2026-07-27,17:36:21,120,7,20260727_173621_tp00000_t0120s_7.jpg,data/processed/20260727_173621_tp00000/20260727_173621_tp00000_t0120s_7.jpg,583461,1920,1080,112.21,47.2,570.0,1.02,1.121,False,False,False
20260727_173621_tp00000,tp00000,2026-07-27,17:36:21,140,8,20260727_173621_tp00000_t0140s_8.jpg,data/processed/20260727_173621_tp00000/20260727_173621_tp00000_t0140s_8.jpg,602521,1920,1080,111.75,47.33,588.0,1.016,1.124,False,False,False
20260727_173621_tp00000,tp00000,2026-07-27,17:36:21,160,9,20260727_173621_tp00000_t0160s_9.jpg,data/processed/20260727_173621_tp00000/20260727_173621_tp00000_t0160s_9.jpg,598216,1920,1080,111.37,45.08,584.0,1.012,1.07,False,False,False
20260727_173621_tp00000,tp00000,2026-07-27,17:36:21,180,10,20260727_173621_tp00000_t0180s_10.jpg,data/processed/20260727_173621_tp00000/20260727_173621_tp00000_t0180s_10.jpg,597952,1920,1080,113.31,44.64,584.0,1.03,1.06,False,False,False
20260727_173621_tp00000,tp00000,2026-07-27,17:36:21,200,11,20260727_173621_tp00000_t0200s_11.jpg,data/processed/20260727_173621_tp00000/20260727_173621_tp00000_t0200s_11.jpg,588391,1920,1080,114.9,44.95,575.0,1.044,1.067,False,False,False
20260727_173621_tp00000,tp00000,2026-07-27,17:36:21,220,12,20260727_173621_tp00000_t0220s_12.jpg,data/processed/20260727_173621_tp00000/20260727_173621_tp00000_t0220s_12.jpg,618340,1920,1080,115.1,45.24,604.0,1.046,1.074,False,False,False
20260727_173621_tp00000,tp00000,2026-07-27,17:36:21,240,13,20260727_173621_tp00000_t0240s_13.jpg,data/processed/20260727_173621_tp00000/20260727_173621_tp00000_t0240s_13.jpg,620528,1920,1080,114.6,44.82,606.0,1.042,1.064,False,False,False
20260727_173621_tp00000,tp00000,2026-07-27,17:36:21,260,14,20260727_173621_tp00000_t0260s_14.jpg,data/processed/20260727_173621_tp00000/20260727_173621_tp00000_t0260s_14.jpg,610683,1920,1080,112.66,43.71,596.0,1.024,1.038,False,False,False
20260727_173621_tp00000,tp00000,2026-07-27,17:36:21,280,15,20260727_173621_tp00000_t0280s_15.jpg,data/processed/20260727_173621_tp00000/20260727_173621_tp00000_t0280s_15.jpg,635754,1920,1080,115.47,45.26,621.0,1.05,1.075,False,False,False
20260727_173621_tp00000,tp00000,2026-07-27,17:36:21,300,16,20260727_173621_tp00000_t0300s_16.jpg,data/processed/20260727_173621_tp00000/20260727_173621_tp00000_t0300s_16.jpg,594794,1920,1080,112.43,43.15,581.0,1.022,1.024,False,False,False
20260727_173621_tp00000,tp00000,2026-07-27,17:36:21,320,17,20260727_173621_tp00000_t0320s_17.jpg,data/processed/20260727_173621_tp00000/20260727_173621_tp00000_t0320s_17.jpg,567370,1920,1080,111.7,42.24,554.0,1.015,1.003,False,False,False
20260727_173621_tp00000,tp00000,2026-07-27,17:36:21,340,18,20260727_173621_tp00000_t0340s_18.jpg,data/processed/20260727_173621_tp00000/20260727_173621_tp00000_t0340s_18.jpg,559239,1920,1080,111.02,42.09,546.0,1.009,0.999,False,False,False
20260727_173621_tp00000,tp00000,2026-07-27,17:36:21,360,19,20260727_173621_tp00000_t0360s_19.jpg,data/processed/20260727_173621_tp00000/20260727_173621_tp00000_t0360s_19.jpg,581240,1920,1080,111.07,42.3,568.0,1.01,1.004,False,False,False
20260727_173621_tp00000,tp00000,2026-07-27,17:36:21,380,20,20260727_173621_tp00000_t0380s_20.jpg,data/processed/20260727_173621_tp00000/20260727_173621_tp00000_t0380s_20.jpg,569672,1920,1080,111.84,41.91,556.0,1.017,0.995,False,False,False
20260727_173621_tp00000,tp00000,2026-07-27,17:36:21,400,21,20260727_173621_tp00000_t0400s_21.jpg,data/processed/20260727_173621_tp00000/20260727_173621_tp00000_t0400s_21.jpg,579413,1920,1080,111.33,42.24,566.0,1.012,1.003,False,False,False
20260727_173621_tp00000,tp00000,2026-07-27,17:36:21,420,22,20260727_173621_tp00000_t0420s_22.jpg,data/processed/20260727_173621_tp00000/20260727_173621_tp00000_t0420s_22.jpg,565479,1920,1080,110.51,41.51,552.0,1.004,0.986,False,False,False
20260727_173621_tp00000,tp00000,2026-07-27,17:36:21,440,23,20260727_173621_tp00000_t0440s_23.jpg,data/processed/20260727_173621_tp00000/20260727_173621_tp00000_t0440s_23.jpg,572138,1920,1080,110.77,41.22,559.0,1.007,0.979,False,False,False
20260727_173621_tp00000,tp00000,2026-07-27,17:36:21,460,24,20260727_173621_tp00000_t0460s_24.jpg,data/processed/20260727_173621_tp00000/20260727_173621_tp00000_t0460s_24.jpg,584438,1920,1080,109.79,42.07,571.0,0.998,0.999,False,False,False
20260727_173621_tp00000,tp00000,2026-07-27,17:36:21,480,25,20260727_173621_tp00000_t0480s_25.jpg,data/processed/20260727_173621_tp00000/20260727_173621_tp00000_t0480s_25.jpg,589274,1920,1080,109.3,42.17,575.0,0.993,1.001,False,False,False
20260727_173621_tp00000,tp00000,2026-07-27,17:36:21,500,26,20260727_173621_tp00000_t0500s_26.jpg,data/processed/20260727_173621_tp00000/20260727_173621_tp00000_t0500s_26.jpg,583544,1920,1080,108.19,41.88,570.0,0.983,0.994,False,False,False
20260727_173621_tp00000,tp00000,2026-07-27,17:36:21,520,27,20260727_173621_tp00000_t0520s_27.jpg,data/processed/20260727_173621_tp00000/20260727_173621_tp00000_t0520s_27.jpg,588792,1920,1080,111.53,42.89,575.0,1.014,1.018,False,False,False
20260727_173621_tp00000,tp00000,2026-07-27,17:36:21,540,28,20260727_173621_tp00000_t0540s_28.jpg,data/processed/20260727_173621_tp00000/20260727_173621_tp00000_t0540s_28.jpg,595370,1920,1080,110.02,42.67,581.0,1.0,1.013,False,False,False
20260727_173621_tp00000,tp00000,2026-07-27,17:36:21,560,29,20260727_173621_tp00000_t0560s_29.jpg,data/processed/20260727_173621_tp00000/20260727_173621_tp00000_t0560s_29.jpg,601697,1920,1080,109.2,42.55,588.0,0.993,1.01,False,False,False
20260727_173621_tp00000,tp00000,2026-07-27,17:36:21,580,30,20260727_173621_tp00000_t0580s_30.jpg,data/processed/20260727_173621_tp00000/20260727_173621_tp00000_t0580s_30.jpg,595094,1920,1080,108.85,42.33,581.0,0.989,1.005,False,False,False
20260727_173621_tp00000,tp00000,2026-07-27,17:36:21,600,31,20260727_173621_tp00000_t0600s_31.jpg,data/processed/20260727_173621_tp00000/20260727_173621_tp00000_t0600s_31.jpg,585316,1920,1080,107.91,41.98,572.0,0.981,0.997,False,False,False
20260727_173621_tp00000,tp00000,2026-07-27,17:36:21,620,32,20260727_173621_tp00000_t0620s_32.jpg,data/processed/20260727_173621_tp00000/20260727_173621_tp00000_t0620s_32.jpg,582678,1920,1080,108.97,41.29,569.0,0.99,0.98,False,False,False
20260727_173621_tp00000,tp00000,2026-07-27,17:36:21,640,33,20260727_173621_tp00000_t0640s_33.jpg,data/processed/20260727_173621_tp00000/20260727_173621_tp00000_t0640s_33.jpg,577397,1920,1080,108.34,41.79,564.0,0.985,0.992,False,False,False
20260727_173621_tp00000,tp00000,2026-07-27,17:36:21,660,34,20260727_173621_tp00000_t0660s_34.jpg,data/processed/20260727_173621_tp00000/20260727_173621_tp00000_t0660s_34.jpg,578606,1920,1080,107.78,41.72,565.0,0.98,0.991,False,False,False
20260727_173621_tp00000,tp00000,2026-07-27,17:36:21,680,35,20260727_173621_tp00000_t0680s_35.jpg,data/processed/20260727_173621_tp00000/20260727_173621_tp00000_t0680s_35.jpg,576905,1920,1080,108.92,42.16,563.0,0.99,1.001,False,False,False
20260727_173621_tp00000,tp00000,2026-07-27,17:36:21,700,36,20260727_173621_tp00000_t0700s_36.jpg,data/processed/20260727_173621_tp00000/20260727_173621_tp00000_t0700s_36.jpg,585888,1920,1080,110.08,41.4,572.0,1.001,0.983,False,False,False
20260727_173621_tp00000,tp00000,2026-07-27,17:36:21,720,37,20260727_173621_tp00000_t0720s_37.jpg,data/processed/20260727_173621_tp00000/20260727_173621_tp00000_t0720s_37.jpg,559164,1920,1080,109.03,40.82,546.0,0.991,0.969,False,False,False
20260727_173621_tp00000,tp00000,2026-07-27,17:36:21,740,38,20260727_173621_tp00000_t0740s_38.jpg,data/processed/20260727_173621_tp00000/20260727_173621_tp00000_t0740s_38.jpg,571843,1920,1080,107.87,40.86,558.0,0.98,0.97,False,False,False
20260727_173621_tp00000,tp00000,2026-07-27,17:36:21,760,39,20260727_173621_tp00000_t0760s_39.jpg,data/processed/20260727_173621_tp00000/20260727_173621_tp00000_t0760s_39.jpg,560821,1920,1080,108.16,40.48,548.0,0.983,0.961,False,False,False
20260727_173621_tp00000,tp00000,2026-07-27,17:36:21,780,40,20260727_173621_tp00000_t0780s_40.jpg,data/processed/20260727_173621_tp00000/20260727_173621_tp00000_t0780s_40.jpg,551240,1920,1080,106.42,40.13,538.0,0.967,0.953,False,False,False
20260727_173621_tp00000,tp00000,2026-07-27,17:36:21,800,41,20260727_173621_tp00000_t0800s_41.jpg,data/processed/20260727_173621_tp00000/20260727_173621_tp00000_t0800s_41.jpg,571812,1920,1080,110.42,41.17,558.0,1.004,0.977,False,False,False
20260727_173621_tp00000,tp00000,2026-07-27,17:36:21,820,42,20260727_173621_tp00000_t0820s_42.jpg,data/processed/20260727_173621_tp00000/20260727_173621_tp00000_t0820s_42.jpg,545258,1920,1080,109.44,41.7,532.0,0.995,0.99,False,False,False
20260727_173621_tp00000,tp00000,2026-07-27,17:36:21,840,43,20260727_173621_tp00000_t0840s_43.jpg,data/processed/20260727_173621_tp00000/20260727_173621_tp00000_t0840s_43.jpg,568533,1920,1080,108.17,40.8,555.0,0.983,0.969,False,False,False
20260727_173621_tp00000,tp00000,2026-07-27,17:36:21,860,44,20260727_173621_tp00000_t0860s_44.jpg,data/processed/20260727_173621_tp00000/20260727_173621_tp00000_t0860s_44.jpg,578826,1920,1080,107.75,41.2,565.0,0.979,0.978,False,False,False
20260727_173621_tp00000,tp00000,2026-07-27,17:36:21,880,45,20260727_173621_tp00000_t0880s_45.jpg,data/processed/20260727_173621_tp00000/20260727_173621_tp00000_t0880s_45.jpg,575513,1920,1080,106.39,40.81,562.0,0.967,0.969,False,False,False
20260727_173621_tp00000,tp00000,2026-07-27,17:36:21,900,46,20260727_173621_tp00000_t0900s_46.jpg,data/processed/20260727_173621_tp00000/20260727_173621_tp00000_t0900s_46.jpg,563115,1920,1080,109.67,40.74,550.0,0.997,0.967,False,False,False
20260727_173621_tp00000,tp00000,2026-07-27,17:36:21,920,47,20260727_173621_tp00000_t0920s_47.jpg,data/processed/20260727_173621_tp00000/20260727_173621_tp00000_t0920s_47.jpg,569882,1920,1080,110.09,42.12,557.0,1.001,1.0,False,False,False
20260727_173621_tp00000,tp00000,2026-07-27,17:36:21,940,48,20260727_173621_tp00000_t0940s_48.jpg,data/processed/20260727_173621_tp00000/20260727_173621_tp00000_t0940s_48.jpg,570547,1920,1080,111.04,41.41,557.0,1.009,0.983,False,False,False
20260727_173621_tp00000,tp00000,2026-07-27,17:36:21,960,49,20260727_173621_tp00000_t0960s_49.jpg,data/processed/20260727_173621_tp00000/20260727_173621_tp00000_t0960s_49.jpg,564147,1920,1080,109.98,40.3,551.0,1.0,0.957,False,False,False
20260727_173621_tp00000,tp00000,2026-07-27,17:36:21,980,50,20260727_173621_tp00000_t0980s_50.jpg,data/processed/20260727_173621_tp00000/20260727_173621_tp00000_t0980s_50.jpg,549363,1920,1080,109.25,39.97,536.0,0.993,0.949,False,False,False
20260727_173621_tp00000,tp00000,2026-07-27,17:36:21,1000,51,20260727_173621_tp00000_t1000s_51.jpg,data/processed/20260727_173621_tp00000/20260727_173621_tp00000_t1000s_51.jpg,568593,1920,1080,106.12,40.65,555.0,0.965,0.965,False,False,False
20260727_173621_tp00000,tp00000,2026-07-27,17:36:21,1020,52,20260727_173621_tp00000_t1020s_52.jpg,data/processed/20260727_173621_tp00000/20260727_173621_tp00000_t1020s_52.jpg,583233,1920,1080,109.05,41.35,570.0,0.991,0.982,False,False,False
20260727_173621_tp00000,tp00000,2026-07-27,17:36:21,1040,53,20260727_173621_tp00000_t1040s_53.jpg,data/processed/20260727_173621_tp00000/20260727_173621_tp00000_t1040s_53.jpg,578005,1920,1080,108.75,41.66,564.0,0.988,0.989,False,False,False
20260727_173621_tp00000,tp00000,2026-07-27,17:36:21,1060,54,20260727_173621_tp00000_t1060s_54.jpg,data/processed/20260727_173621_tp00000/20260727_173621_tp00000_t1060s_54.jpg,569417,1920,1080,106.92,41.27,556.0,0.972,0.98,False,False,False
20260727_173621_tp00000,tp00000,2026-07-27,17:36:21,1080,55,20260727_173621_tp00000_t1080s_55.jpg,data/processed/20260727_173621_tp00000/20260727_173621_tp00000_t1080s_55.jpg,561034,1920,1080,105.99,41.53,548.0,0.963,0.986,False,False,False
20260727_173621_tp00000,tp00000,2026-07-27,17:36:21,1100,56,20260727_173621_tp00000_t1100s_56.jpg,data/processed/20260727_173621_tp00000/20260727_173621_tp00000_t1100s_56.jpg,574472,1920,1080,109.29,41.59,561.0,0.993,0.987,False,False,False
20260727_173621_tp00000,tp00000,2026-07-27,17:36:21,1120,57,20260727_173621_tp00000_t1120s_57.jpg,data/processed/20260727_173621_tp00000/20260727_173621_tp00000_t1120s_57.jpg,595039,1920,1080,111.99,43.53,581.0,1.018,1.033,False,False,False
20260727_173621_tp00000,tp00000,2026-07-27,17:36:21,1140,58,20260727_173621_tp00000_t1140s_58.jpg,data/processed/20260727_173621_tp00000/20260727_173621_tp00000_t1140s_58.jpg,565404,1920,1080,111.56,43.31,552.0,1.014,1.028,False,False,False
20260727_173621_tp00000,tp00000,2026-07-27,17:36:21,1160,59,20260727_173621_tp00000_t1160s_59.jpg,data/processed/20260727_173621_tp00000/20260727_173621_tp00000_t1160s_59.jpg,578108,1920,1080,111.45,42.75,565.0,1.013,1.015,False,False,False
20260727_173621_tp00000,tp00000,2026-07-27,17:36:21,1180,60,20260727_173621_tp00000_t1180s_60.jpg,data/processed/20260727_173621_tp00000/20260727_173621_tp00000_t1180s_60.jpg,589851,1920,1080,111.23,42.4,576.0,1.011,1.007,False,False,False
20260727_173621_tp00000,tp00000,2026-07-27,17:36:21,1200,61,20260727_173621_tp00000_t1200s_61.jpg,data/processed/20260727_173621_tp00000/20260727_173621_tp00000_t1200s_61.jpg,592841,1920,1080,109.75,43.05,579.0,0.998,1.022,False,False,False
20260727_173621_tp00000,tp00000,2026-07-27,17:36:21,1220,62,20260727_173621_tp00000_t1220s_62.jpg,data/processed/20260727_173621_tp00000/20260727_173621_tp00000_t1220s_62.jpg,596207,1920,1080,108.81,43.44,582.0,0.989,1.031,False,False,False
20260727_173621_tp00000,tp00000,2026-07-27,17:36:21,1240,63,20260727_173621_tp00000_t1240s_63.jpg,data/processed/20260727_173621_tp00000/20260727_173621_tp00000_t1240s_63.jpg,563049,1920,1080,107.98,42.7,550.0,0.981,1.014,False,False,False
20260728_064628_tp00008,tp00008,2026-07-28,06:46:28,0,1,20260728_064628_tp00008_t0000s_1.jpg,data/processed/20260728_064628_tp00008/20260728_064628_tp00008_t0000s_1.jpg,550074,1920,1080,116.58,45.64,537.0,0.992,1.023,False,False,False
20260728_064628_tp00008,tp00008,2026-07-28,06:46:28,20,2,20260728_064628_tp00008_t0020s_2.jpg,data/processed/20260728_064628_tp00008/20260728_064628_tp00008_t0020s_2.jpg,654600,1920,1080,117.33,47.75,639.0,0.998,1.071,False,False,False
20260728_064628_tp00008,tp00008,2026-07-28,06:46:28,40,3,20260728_064628_tp00008_t0040s_3.jpg,data/processed/20260728_064628_tp00008/20260728_064628_tp00008_t0040s_3.jpg,642752,1920,1080,117.32,47.69,628.0,0.998,1.069,False,False,False
20260728_064628_tp00008,tp00008,2026-07-28,06:46:28,60,4,20260728_064628_tp00008_t0060s_4.jpg,data/processed/20260728_064628_tp00008/20260728_064628_tp00008_t0060s_4.jpg,628226,1920,1080,113.26,46.82,614.0,0.963,1.05,False,False,False
20260728_064628_tp00008,tp00008,2026-07-28,06:46:28,80,5,20260728_064628_tp00008_t0080s_5.jpg,data/processed/20260728_064628_tp00008/20260728_064628_tp00008_t0080s_5.jpg,622240,1920,1080,113.51,45.95,608.0,0.965,1.03,False,False,False
20260728_064628_tp00008,tp00008,2026-07-28,06:46:28,100,6,20260728_064628_tp00008_t0100s_6.jpg,data/processed/20260728_064628_tp00008/20260728_064628_tp00008_t0100s_6.jpg,600856,1920,1080,115.61,45.2,587.0,0.983,1.013,False,False,False
20260728_064628_tp00008,tp00008,2026-07-28,06:46:28,120,7,20260728_064628_tp00008_t0120s_7.jpg,data/processed/20260728_064628_tp00008/20260728_064628_tp00008_t0120s_7.jpg,631040,1920,1080,116.02,45.5,616.0,0.987,1.02,False,False,False
20260728_064628_tp00008,tp00008,2026-07-28,06:46:28,140,8,20260728_064628_tp00008_t0140s_8.jpg,data/processed/20260728_064628_tp00008/20260728_064628_tp00008_t0140s_8.jpg,628114,1920,1080,114.34,45.88,613.0,0.973,1.029,False,False,False
20260728_064628_tp00008,tp00008,2026-07-28,06:46:28,160,9,20260728_064628_tp00008_t0160s_9.jpg,data/processed/20260728_064628_tp00008/20260728_064628_tp00008_t0160s_9.jpg,628609,1920,1080,114.79,45.76,614.0,0.976,1.026,False,False,False
20260728_064628_tp00008,tp00008,2026-07-28,06:46:28,180,10,20260728_064628_tp00008_t0180s_10.jpg,data/processed/20260728_064628_tp00008/20260728_064628_tp00008_t0180s_10.jpg,611611,1920,1080,114.45,45.15,597.0,0.973,1.012,False,False,False
20260728_064628_tp00008,tp00008,2026-07-28,06:46:28,200,11,20260728_064628_tp00008_t0200s_11.jpg,data/processed/20260728_064628_tp00008/20260728_064628_tp00008_t0200s_11.jpg,623390,1920,1080,114.37,44.94,609.0,0.973,1.008,False,False,False
20260728_064628_tp00008,tp00008,2026-07-28,06:46:28,220,12,20260728_064628_tp00008_t0220s_12.jpg,data/processed/20260728_064628_tp00008/20260728_064628_tp00008_t0220s_12.jpg,601485,1920,1080,114.84,44.8,587.0,0.977,1.004,False,False,False
20260728_064628_tp00008,tp00008,2026-07-28,06:46:28,240,13,20260728_064628_tp00008_t0240s_13.jpg,data/processed/20260728_064628_tp00008/20260728_064628_tp00008_t0240s_13.jpg,611498,1920,1080,115.52,44.61,597.0,0.983,1.0,False,False,False
20260728_064628_tp00008,tp00008,2026-07-28,06:46:28,260,14,20260728_064628_tp00008_t0260s_14.jpg,data/processed/20260728_064628_tp00008/20260728_064628_tp00008_t0260s_14.jpg,600237,1920,1080,114.83,43.89,586.0,0.977,0.984,False,False,False
20260728_064628_tp00008,tp00008,2026-07-28,06:46:28,280,15,20260728_064628_tp00008_t0280s_15.jpg,data/processed/20260728_064628_tp00008/20260728_064628_tp00008_t0280s_15.jpg,636553,1920,1080,115.36,44.7,622.0,0.981,1.002,False,False,False
20260728_064628_tp00008,tp00008,2026-07-28,06:46:28,300,16,20260728_064628_tp00008_t0300s_16.jpg,data/processed/20260728_064628_tp00008/20260728_064628_tp00008_t0300s_16.jpg,635072,1920,1080,115.28,44.62,620.0,0.981,1.0,False,False,False
20260728_064628_tp00008,tp00008,2026-07-28,06:46:28,320,17,20260728_064628_tp00008_t0320s_17.jpg,data/processed/20260728_064628_tp00008/20260728_064628_tp00008_t0320s_17.jpg,631015,1920,1080,115.19,44.34,616.0,0.98,0.994,False,False,False
20260728_064628_tp00008,tp00008,2026-07-28,06:46:28,340,18,20260728_064628_tp00008_t0340s_18.jpg,data/processed/20260728_064628_tp00008/20260728_064628_tp00008_t0340s_18.jpg,620871,1920,1080,115.38,44.87,606.0,0.981,1.006,False,False,False
20260728_064628_tp00008,tp00008,2026-07-28,06:46:28,360,19,20260728_064628_tp00008_t0360s_19.jpg,data/processed/20260728_064628_tp00008/20260728_064628_tp00008_t0360s_19.jpg,643084,1920,1080,116.5,45.27,628.0,0.991,1.015,False,False,False
20260728_064628_tp00008,tp00008,2026-07-28,06:46:28,380,20,20260728_064628_tp00008_t0380s_20.jpg,data/processed/20260728_064628_tp00008/20260728_064628_tp00008_t0380s_20.jpg,628935,1920,1080,118.24,44.4,614.0,1.006,0.996,False,False,False
20260728_064628_tp00008,tp00008,2026-07-28,06:46:28,400,21,20260728_064628_tp00008_t0400s_21.jpg,data/processed/20260728_064628_tp00008/20260728_064628_tp00008_t0400s_21.jpg,614018,1920,1080,118.51,43.86,600.0,1.008,0.983,False,False,False
20260728_064628_tp00008,tp00008,2026-07-28,06:46:28,420,22,20260728_064628_tp00008_t0420s_22.jpg,data/processed/20260728_064628_tp00008/20260728_064628_tp00008_t0420s_22.jpg,631120,1920,1080,117.37,45.16,616.0,0.998,1.013,False,False,False
20260728_064628_tp00008,tp00008,2026-07-28,06:46:28,440,23,20260728_064628_tp00008_t0440s_23.jpg,data/processed/20260728_064628_tp00008/20260728_064628_tp00008_t0440s_23.jpg,627618,1920,1080,117.82,45.32,613.0,1.002,1.016,False,False,False
20260728_064628_tp00008,tp00008,2026-07-28,06:46:28,460,24,20260728_064628_tp00008_t0460s_24.jpg,data/processed/20260728_064628_tp00008/20260728_064628_tp00008_t0460s_24.jpg,605894,1920,1080,118.25,45.01,592.0,1.006,1.009,False,False,False
20260728_064628_tp00008,tp00008,2026-07-28,06:46:28,480,25,20260728_064628_tp00008_t0480s_25.jpg,data/processed/20260728_064628_tp00008/20260728_064628_tp00008_t0480s_25.jpg,635421,1920,1080,118.4,45.18,621.0,1.007,1.013,False,False,False
20260728_064628_tp00008,tp00008,2026-07-28,06:46:28,500,26,20260728_064628_tp00008_t0500s_26.jpg,data/processed/20260728_064628_tp00008/20260728_064628_tp00008_t0500s_26.jpg,611465,1920,1080,116.9,45.17,597.0,0.994,1.013,False,False,False
20260728_064628_tp00008,tp00008,2026-07-28,06:46:28,520,27,20260728_064628_tp00008_t0520s_27.jpg,data/processed/20260728_064628_tp00008/20260728_064628_tp00008_t0520s_27.jpg,635604,1920,1080,117.1,45.2,621.0,0.996,1.013,False,False,False
20260728_064628_tp00008,tp00008,2026-07-28,06:46:28,540,28,20260728_064628_tp00008_t0540s_28.jpg,data/processed/20260728_064628_tp00008/20260728_064628_tp00008_t0540s_28.jpg,612991,1920,1080,117.66,43.57,599.0,1.001,0.977,False,False,False
20260728_064628_tp00008,tp00008,2026-07-28,06:46:28,560,29,20260728_064628_tp00008_t0560s_29.jpg,data/processed/20260728_064628_tp00008/20260728_064628_tp00008_t0560s_29.jpg,607126,1920,1080,116.84,42.59,593.0,0.994,0.955,False,False,False
20260728_064628_tp00008,tp00008,2026-07-28,06:46:28,580,30,20260728_064628_tp00008_t0580s_30.jpg,data/processed/20260728_064628_tp00008/20260728_064628_tp00008_t0580s_30.jpg,623349,1920,1080,116.34,44.3,609.0,0.99,0.993,False,False,False
20260728_064628_tp00008,tp00008,2026-07-28,06:46:28,600,31,20260728_064628_tp00008_t0600s_31.jpg,data/processed/20260728_064628_tp00008/20260728_064628_tp00008_t0600s_31.jpg,618406,1920,1080,116.47,45.09,604.0,0.991,1.011,False,False,False
20260728_064628_tp00008,tp00008,2026-07-28,06:46:28,620,32,20260728_064628_tp00008_t0620s_32.jpg,data/processed/20260728_064628_tp00008/20260728_064628_tp00008_t0620s_32.jpg,611834,1920,1080,115.88,44.62,597.0,0.986,1.0,False,False,False
20260728_064628_tp00008,tp00008,2026-07-28,06:46:28,640,33,20260728_064628_tp00008_t0640s_33.jpg,data/processed/20260728_064628_tp00008/20260728_064628_tp00008_t0640s_33.jpg,606848,1920,1080,116.8,44.79,593.0,0.993,1.004,False,False,False
20260728_064628_tp00008,tp00008,2026-07-28,06:46:28,660,34,20260728_064628_tp00008_t0660s_34.jpg,data/processed/20260728_064628_tp00008/20260728_064628_tp00008_t0660s_34.jpg,614307,1920,1080,117.79,44.18,600.0,1.002,0.991,False,False,False
20260728_064628_tp00008,tp00008,2026-07-28,06:46:28,680,35,20260728_064628_tp00008_t0680s_35.jpg,data/processed/20260728_064628_tp00008/20260728_064628_tp00008_t0680s_35.jpg,607044,1920,1080,118.21,43.75,593.0,1.005,0.981,False,False,False
20260728_064628_tp00008,tp00008,2026-07-28,06:46:28,700,36,20260728_064628_tp00008_t0700s_36.jpg,data/processed/20260728_064628_tp00008/20260728_064628_tp00008_t0700s_36.jpg,612679,1920,1080,118.58,44.6,598.0,1.009,1.0,False,False,False
20260728_064628_tp00008,tp00008,2026-07-28,06:46:28,720,37,20260728_064628_tp00008_t0720s_37.jpg,data/processed/20260728_064628_tp00008/20260728_064628_tp00008_t0720s_37.jpg,603652,1920,1080,118.85,44.18,590.0,1.011,0.991,False,False,False
20260728_064628_tp00008,tp00008,2026-07-28,06:46:28,740,38,20260728_064628_tp00008_t0740s_38.jpg,data/processed/20260728_064628_tp00008/20260728_064628_tp00008_t0740s_38.jpg,591785,1920,1080,120.48,42.83,578.0,1.025,0.96,False,False,False
20260728_064628_tp00008,tp00008,2026-07-28,06:46:28,760,39,20260728_064628_tp00008_t0760s_39.jpg,data/processed/20260728_064628_tp00008/20260728_064628_tp00008_t0760s_39.jpg,604268,1920,1080,118.1,43.04,590.0,1.005,0.965,False,False,False
20260728_064628_tp00008,tp00008,2026-07-28,06:46:28,780,40,20260728_064628_tp00008_t0780s_40.jpg,data/processed/20260728_064628_tp00008/20260728_064628_tp00008_t0780s_40.jpg,601440,1920,1080,117.54,43.53,587.0,1.0,0.976,False,False,False
20260728_064628_tp00008,tp00008,2026-07-28,06:46:28,800,41,20260728_064628_tp00008_t0800s_41.jpg,data/processed/20260728_064628_tp00008/20260728_064628_tp00008_t0800s_41.jpg,607069,1920,1080,117.5,43.42,593.0,0.999,0.974,False,False,False
20260728_064628_tp00008,tp00008,2026-07-28,06:46:28,820,42,20260728_064628_tp00008_t0820s_42.jpg,data/processed/20260728_064628_tp00008/20260728_064628_tp00008_t0820s_42.jpg,622964,1920,1080,117.57,43.64,608.0,1.0,0.978,False,False,False
20260728_064628_tp00008,tp00008,2026-07-28,06:46:28,840,43,20260728_064628_tp00008_t0840s_43.jpg,data/processed/20260728_064628_tp00008/20260728_064628_tp00008_t0840s_43.jpg,608970,1920,1080,118.21,43.6,595.0,1.005,0.978,False,False,False
20260728_064628_tp00008,tp00008,2026-07-28,06:46:28,860,44,20260728_064628_tp00008_t0860s_44.jpg,data/processed/20260728_064628_tp00008/20260728_064628_tp00008_t0860s_44.jpg,608928,1920,1080,118.16,43.98,595.0,1.005,0.986,False,False,False
20260728_064628_tp00008,tp00008,2026-07-28,06:46:28,880,45,20260728_064628_tp00008_t0880s_45.jpg,data/processed/20260728_064628_tp00008/20260728_064628_tp00008_t0880s_45.jpg,601992,1920,1080,118.33,43.73,588.0,1.006,0.98,False,False,False
20260728_064628_tp00008,tp00008,2026-07-28,06:46:28,900,46,20260728_064628_tp00008_t0900s_46.jpg,data/processed/20260728_064628_tp00008/20260728_064628_tp00008_t0900s_46.jpg,613169,1920,1080,118.73,44.04,599.0,1.01,0.987,False,False,False
20260728_064628_tp00008,tp00008,2026-07-28,06:46:28,920,47,20260728_064628_tp00008_t0920s_47.jpg,data/processed/20260728_064628_tp00008/20260728_064628_tp00008_t0920s_47.jpg,614033,1920,1080,118.2,44.36,600.0,1.005,0.995,False,False,False
20260728_064628_tp00008,tp00008,2026-07-28,06:46:28,940,48,20260728_064628_tp00008_t0940s_48.jpg,data/processed/20260728_064628_tp00008/20260728_064628_tp00008_t0940s_48.jpg,612764,1920,1080,118.6,45.09,598.0,1.009,1.011,False,False,False
20260728_064628_tp00008,tp00008,2026-07-28,06:46:28,960,49,20260728_064628_tp00008_t0960s_49.jpg,data/processed/20260728_064628_tp00008/20260728_064628_tp00008_t0960s_49.jpg,603788,1920,1080,118.94,44.84,590.0,1.012,1.005,False,False,False
20260728_064628_tp00008,tp00008,2026-07-28,06:46:28,980,50,20260728_064628_tp00008_t0980s_50.jpg,data/processed/20260728_064628_tp00008/20260728_064628_tp00008_t0980s_50.jpg,607790,1920,1080,118.89,45.27,594.0,1.011,1.015,False,False,False
20260728_064628_tp00008,tp00008,2026-07-28,06:46:28,1000,51,20260728_064628_tp00008_t1000s_51.jpg,data/processed/20260728_064628_tp00008/20260728_064628_tp00008_t1000s_51.jpg,619285,1920,1080,119.04,45.33,605.0,1.013,1.016,False,False,False
20260728_064628_tp00008,tp00008,2026-07-28,06:46:28,1020,52,20260728_064628_tp00008_t1020s_52.jpg,data/processed/20260728_064628_tp00008/20260728_064628_tp00008_t1020s_52.jpg,615609,1920,1080,120.36,44.83,601.0,1.024,1.005,False,False,False
20260728_064628_tp00008,tp00008,2026-07-28,06:46:28,1040,53,20260728_064628_tp00008_t1040s_53.jpg,data/processed/20260728_064628_tp00008/20260728_064628_tp00008_t1040s_53.jpg,596289,1920,1080,118.34,44.11,582.0,1.007,0.989,False,False,False
20260728_064628_tp00008,tp00008,2026-07-28,06:46:28,1060,54,20260728_064628_tp00008_t1060s_54.jpg,data/processed/20260728_064628_tp00008/20260728_064628_tp00008_t1060s_54.jpg,605248,1920,1080,119.89,43.79,591.0,1.02,0.982,False,False,False
20260728_064628_tp00008,tp00008,2026-07-28,06:46:28,1080,55,20260728_064628_tp00008_t1080s_55.jpg,data/processed/20260728_064628_tp00008/20260728_064628_tp00008_t1080s_55.jpg,577468,1920,1080,121.1,43.37,564.0,1.03,0.972,False,False,False
20260728_064628_tp00008,tp00008,2026-07-28,06:46:28,1100,56,20260728_064628_tp00008_t1100s_56.jpg,data/processed/20260728_064628_tp00008/20260728_064628_tp00008_t1100s_56.jpg,599474,1920,1080,119.02,43.19,585.0,1.012,0.968,False,False,False
20260728_064628_tp00008,tp00008,2026-07-28,06:46:28,1120,57,20260728_064628_tp00008_t1120s_57.jpg,data/processed/20260728_064628_tp00008/20260728_064628_tp00008_t1120s_57.jpg,590705,1920,1080,118.43,43.26,577.0,1.007,0.97,False,False,False
20260728_064628_tp00008,tp00008,2026-07-28,06:46:28,1140,58,20260728_064628_tp00008_t1140s_58.jpg,data/processed/20260728_064628_tp00008/20260728_064628_tp00008_t1140s_58.jpg,610684,1920,1080,116.64,44.58,596.0,0.992,1.0,False,False,False
20260728_064628_tp00008,tp00008,2026-07-28,06:46:28,1160,59,20260728_064628_tp00008_t1160s_59.jpg,data/processed/20260728_064628_tp00008/20260728_064628_tp00008_t1160s_59.jpg,600204,1920,1080,116.96,44.0,586.0,0.995,0.987,False,False,False
20260728_064628_tp00008,tp00008,2026-07-28,06:46:28,1180,60,20260728_064628_tp00008_t1180s_60.jpg,data/processed/20260728_064628_tp00008/20260728_064628_tp00008_t1180s_60.jpg,605241,1920,1080,118.28,43.59,591.0,1.006,0.977,False,False,False
20260728_064628_tp00008,tp00008,2026-07-28,06:46:28,1200,61,20260728_064628_tp00008_t1200s_61.jpg,data/processed/20260728_064628_tp00008/20260728_064628_tp00008_t1200s_61.jpg,579227,1920,1080,119.29,43.11,566.0,1.015,0.967,False,False,False
20260728_064628_tp00008,tp00008,2026-07-28,06:46:28,1220,62,20260728_064628_tp00008_t1220s_62.jpg,data/processed/20260728_064628_tp00008/20260728_064628_tp00008_t1220s_62.jpg,591333,1920,1080,119.11,43.42,577.0,1.013,0.974,False,False,False
20260728_064628_tp00008,tp00008,2026-07-28,06:46:28,1240,63,20260728_064628_tp00008_t1240s_63.jpg,data/processed/20260728_064628_tp00008/20260728_064628_tp00008_t1240s_63.jpg,590661,1920,1080,119.61,42.88,577.0,1.017,0.961,False,False,False
20260728_070720_tp00009,tp00009,2026-07-28,07:07:20,0,1,20260728_070720_tp00009_t0000s_1.jpg,data/processed/20260728_070720_tp00009/20260728_070720_tp00009_t0000s_1.jpg,580327,1920,1080,119.52,42.97,567.0,1.021,0.992,False,False,False
20260728_070720_tp00009,tp00009,2026-07-28,07:07:20,20,2,20260728_070720_tp00009_t0020s_2.jpg,data/processed/20260728_070720_tp00009/20260728_070720_tp00009_t0020s_2.jpg,584653,1920,1080,120.44,43.55,571.0,1.029,1.006,False,False,False
20260728_070720_tp00009,tp00009,2026-07-28,07:07:20,40,3,20260728_070720_tp00009_t0040s_3.jpg,data/processed/20260728_070720_tp00009/20260728_070720_tp00009_t0040s_3.jpg,607562,1920,1080,120.08,44.07,593.0,1.026,1.018,False,False,False
20260728_070720_tp00009,tp00009,2026-07-28,07:07:20,60,4,20260728_070720_tp00009_t0060s_4.jpg,data/processed/20260728_070720_tp00009/20260728_070720_tp00009_t0060s_4.jpg,608317,1920,1080,117.97,44.37,594.0,1.008,1.025,False,False,False
20260728_070720_tp00009,tp00009,2026-07-28,07:07:20,80,5,20260728_070720_tp00009_t0080s_5.jpg,data/processed/20260728_070720_tp00009/20260728_070720_tp00009_t0080s_5.jpg,614442,1920,1080,117.08,44.3,600.0,1.001,1.023,False,False,False
20260728_070720_tp00009,tp00009,2026-07-28,07:07:20,100,6,20260728_070720_tp00009_t0100s_6.jpg,data/processed/20260728_070720_tp00009/20260728_070720_tp00009_t0100s_6.jpg,612368,1920,1080,117.3,43.6,598.0,1.002,1.007,False,False,False
20260728_070720_tp00009,tp00009,2026-07-28,07:07:20,120,7,20260728_070720_tp00009_t0120s_7.jpg,data/processed/20260728_070720_tp00009/20260728_070720_tp00009_t0120s_7.jpg,608161,1920,1080,119.0,45.31,594.0,1.017,1.046,False,False,False
20260728_070720_tp00009,tp00009,2026-07-28,07:07:20,140,8,20260728_070720_tp00009_t0140s_8.jpg,data/processed/20260728_070720_tp00009/20260728_070720_tp00009_t0140s_8.jpg,591736,1920,1080,120.11,44.66,578.0,1.026,1.031,False,False,False
20260728_070720_tp00009,tp00009,2026-07-28,07:07:20,160,9,20260728_070720_tp00009_t0160s_9.jpg,data/processed/20260728_070720_tp00009/20260728_070720_tp00009_t0160s_9.jpg,599781,1920,1080,118.2,44.56,586.0,1.01,1.029,False,False,False
20260728_070720_tp00009,tp00009,2026-07-28,07:07:20,180,10,20260728_070720_tp00009_t0180s_10.jpg,data/processed/20260728_070720_tp00009/20260728_070720_tp00009_t0180s_10.jpg,592269,1920,1080,118.98,43.43,578.0,1.017,1.003,False,False,False
20260728_070720_tp00009,tp00009,2026-07-28,07:07:20,200,11,20260728_070720_tp00009_t0200s_11.jpg,data/processed/20260728_070720_tp00009/20260728_070720_tp00009_t0200s_11.jpg,583965,1920,1080,119.53,43.12,570.0,1.021,0.996,False,False,False
20260728_070720_tp00009,tp00009,2026-07-28,07:07:20,220,12,20260728_070720_tp00009_t0220s_12.jpg,data/processed/20260728_070720_tp00009/20260728_070720_tp00009_t0220s_12.jpg,602257,1920,1080,120.19,43.96,588.0,1.027,1.015,False,False,False
20260728_070720_tp00009,tp00009,2026-07-28,07:07:20,240,13,20260728_070720_tp00009_t0240s_13.jpg,data/processed/20260728_070720_tp00009/20260728_070720_tp00009_t0240s_13.jpg,591575,1920,1080,120.01,43.3,578.0,1.026,1.0,False,False,False
20260728_070720_tp00009,tp00009,2026-07-28,07:07:20,260,14,20260728_070720_tp00009_t0260s_14.jpg,data/processed/20260728_070720_tp00009/20260728_070720_tp00009_t0260s_14.jpg,590976,1920,1080,118.36,43.14,577.0,1.011,0.996,False,False,False
20260728_070720_tp00009,tp00009,2026-07-28,07:07:20,280,15,20260728_070720_tp00009_t0280s_15.jpg,data/processed/20260728_070720_tp00009/20260728_070720_tp00009_t0280s_15.jpg,591267,1920,1080,118.63,42.46,577.0,1.014,0.981,False,False,False
20260728_070720_tp00009,tp00009,2026-07-28,07:07:20,300,16,20260728_070720_tp00009_t0300s_16.jpg,data/processed/20260728_070720_tp00009/20260728_070720_tp00009_t0300s_16.jpg,582602,1920,1080,118.96,41.98,569.0,1.017,0.97,False,False,False
20260728_070720_tp00009,tp00009,2026-07-28,07:07:20,320,17,20260728_070720_tp00009_t0320s_17.jpg,data/processed/20260728_070720_tp00009/20260728_070720_tp00009_t0320s_17.jpg,594317,1920,1080,116.6,42.65,580.0,0.996,0.985,False,False,False
20260728_070720_tp00009,tp00009,2026-07-28,07:07:20,340,18,20260728_070720_tp00009_t0340s_18.jpg,data/processed/20260728_070720_tp00009/20260728_070720_tp00009_t0340s_18.jpg,596719,1920,1080,116.32,43.36,583.0,0.994,1.001,False,False,False
20260728_070720_tp00009,tp00009,2026-07-28,07:07:20,360,19,20260728_070720_tp00009_t0360s_19.jpg,data/processed/20260728_070720_tp00009/20260728_070720_tp00009_t0360s_19.jpg,600399,1920,1080,115.61,43.34,586.0,0.988,1.001,False,False,False
20260728_070720_tp00009,tp00009,2026-07-28,07:07:20,380,20,20260728_070720_tp00009_t0380s_20.jpg,data/processed/20260728_070720_tp00009/20260728_070720_tp00009_t0380s_20.jpg,601840,1920,1080,115.13,44.28,588.0,0.984,1.023,False,False,False
20260728_070720_tp00009,tp00009,2026-07-28,07:07:20,400,21,20260728_070720_tp00009_t0400s_21.jpg,data/processed/20260728_070720_tp00009/20260728_070720_tp00009_t0400s_21.jpg,605237,1920,1080,114.69,44.73,591.0,0.98,1.033,False,False,False
20260728_070720_tp00009,tp00009,2026-07-28,07:07:20,420,22,20260728_070720_tp00009_t0420s_22.jpg,data/processed/20260728_070720_tp00009/20260728_070720_tp00009_t0420s_22.jpg,590136,1920,1080,115.74,44.29,576.0,0.989,1.023,False,False,False
20260728_070720_tp00009,tp00009,2026-07-28,07:07:20,440,23,20260728_070720_tp00009_t0440s_23.jpg,data/processed/20260728_070720_tp00009/20260728_070720_tp00009_t0440s_23.jpg,592551,1920,1080,115.38,44.08,579.0,0.986,1.018,False,False,False
20260728_070720_tp00009,tp00009,2026-07-28,07:07:20,460,24,20260728_070720_tp00009_t0460s_24.jpg,data/processed/20260728_070720_tp00009/20260728_070720_tp00009_t0460s_24.jpg,616229,1920,1080,115.73,44.48,602.0,0.989,1.027,False,False,False
20260728_070720_tp00009,tp00009,2026-07-28,07:07:20,480,25,20260728_070720_tp00009_t0480s_25.jpg,data/processed/20260728_070720_tp00009/20260728_070720_tp00009_t0480s_25.jpg,620571,1920,1080,114.8,44.31,606.0,0.981,1.023,False,False,False
20260728_070720_tp00009,tp00009,2026-07-28,07:07:20,500,26,20260728_070720_tp00009_t0500s_26.jpg,data/processed/20260728_070720_tp00009/20260728_070720_tp00009_t0500s_26.jpg,611427,1920,1080,114.64,45.19,597.0,0.98,1.044,False,False,False
20260728_070720_tp00009,tp00009,2026-07-28,07:07:20,520,27,20260728_070720_tp00009_t0520s_27.jpg,data/processed/20260728_070720_tp00009/20260728_070720_tp00009_t0520s_27.jpg,637807,1920,1080,112.91,46.17,623.0,0.965,1.066,False,False,False
20260728_070720_tp00009,tp00009,2026-07-28,07:07:20,540,28,20260728_070720_tp00009_t0540s_28.jpg,data/processed/20260728_070720_tp00009/20260728_070720_tp00009_t0540s_28.jpg,619763,1920,1080,112.18,46.43,605.0,0.959,1.072,False,False,False
20260728_070720_tp00009,tp00009,2026-07-28,07:07:20,560,29,20260728_070720_tp00009_t0560s_29.jpg,data/processed/20260728_070720_tp00009/20260728_070720_tp00009_t0560s_29.jpg,632787,1920,1080,113.38,45.71,618.0,0.969,1.056,False,False,False
20260728_070720_tp00009,tp00009,2026-07-28,07:07:20,580,30,20260728_070720_tp00009_t0580s_30.jpg,data/processed/20260728_070720_tp00009/20260728_070720_tp00009_t0580s_30.jpg,628938,1920,1080,113.69,45.4,614.0,0.972,1.048,False,False,False
20260728_070720_tp00009,tp00009,2026-07-28,07:07:20,600,31,20260728_070720_tp00009_t0600s_31.jpg,data/processed/20260728_070720_tp00009/20260728_070720_tp00009_t0600s_31.jpg,621481,1920,1080,113.55,44.83,607.0,0.97,1.035,False,False,False
20260728_070720_tp00009,tp00009,2026-07-28,07:07:20,620,32,20260728_070720_tp00009_t0620s_32.jpg,data/processed/20260728_070720_tp00009/20260728_070720_tp00009_t0620s_32.jpg,611918,1920,1080,114.91,45.1,598.0,0.982,1.042,False,False,False
20260728_070720_tp00009,tp00009,2026-07-28,07:07:20,640,33,20260728_070720_tp00009_t0640s_33.jpg,data/processed/20260728_070720_tp00009/20260728_070720_tp00009_t0640s_33.jpg,619658,1920,1080,114.15,45.29,605.0,0.975,1.046,False,False,False
20260728_070720_tp00009,tp00009,2026-07-28,07:07:20,660,34,20260728_070720_tp00009_t0660s_34.jpg,data/processed/20260728_070720_tp00009/20260728_070720_tp00009_t0660s_34.jpg,615738,1920,1080,113.97,44.55,601.0,0.974,1.029,False,False,False
20260728_070720_tp00009,tp00009,2026-07-28,07:07:20,680,35,20260728_070720_tp00009_t0680s_35.jpg,data/processed/20260728_070720_tp00009/20260728_070720_tp00009_t0680s_35.jpg,605386,1920,1080,116.78,44.32,591.0,0.998,1.024,False,False,False
20260728_070720_tp00009,tp00009,2026-07-28,07:07:20,700,36,20260728_070720_tp00009_t0700s_36.jpg,data/processed/20260728_070720_tp00009/20260728_070720_tp00009_t0700s_36.jpg,585310,1920,1080,118.04,44.09,572.0,1.009,1.018,False,False,False
20260728_070720_tp00009,tp00009,2026-07-28,07:07:20,720,37,20260728_070720_tp00009_t0720s_37.jpg,data/processed/20260728_070720_tp00009/20260728_070720_tp00009_t0720s_37.jpg,594658,1920,1080,117.41,44.03,581.0,1.003,1.017,False,False,False
20260728_070720_tp00009,tp00009,2026-07-28,07:07:20,740,38,20260728_070720_tp00009_t0740s_38.jpg,data/processed/20260728_070720_tp00009/20260728_070720_tp00009_t0740s_38.jpg,601473,1920,1080,118.92,43.52,587.0,1.016,1.005,False,False,False
20260728_070720_tp00009,tp00009,2026-07-28,07:07:20,760,39,20260728_070720_tp00009_t0760s_39.jpg,data/processed/20260728_070720_tp00009/20260728_070720_tp00009_t0760s_39.jpg,611899,1920,1080,118.98,43.21,598.0,1.017,0.998,False,False,False
20260728_070720_tp00009,tp00009,2026-07-28,07:07:20,780,40,20260728_070720_tp00009_t0780s_40.jpg,data/processed/20260728_070720_tp00009/20260728_070720_tp00009_t0780s_40.jpg,597989,1920,1080,117.61,41.96,584.0,1.005,0.969,False,False,False
20260728_070720_tp00009,tp00009,2026-07-28,07:07:20,800,41,20260728_070720_tp00009_t0800s_41.jpg,data/processed/20260728_070720_tp00009/20260728_070720_tp00009_t0800s_41.jpg,587727,1920,1080,117.21,42.03,574.0,1.002,0.971,False,False,False
20260728_070720_tp00009,tp00009,2026-07-28,07:07:20,820,42,20260728_070720_tp00009_t0820s_42.jpg,data/processed/20260728_070720_tp00009/20260728_070720_tp00009_t0820s_42.jpg,603952,1920,1080,117.02,41.97,590.0,1.0,0.969,False,False,False
20260728_070720_tp00009,tp00009,2026-07-28,07:07:20,840,43,20260728_070720_tp00009_t0840s_43.jpg,data/processed/20260728_070720_tp00009/20260728_070720_tp00009_t0840s_43.jpg,592679,1920,1080,118.88,41.77,579.0,1.016,0.965,False,False,False
20260728_070720_tp00009,tp00009,2026-07-28,07:07:20,860,44,20260728_070720_tp00009_t0860s_44.jpg,data/processed/20260728_070720_tp00009/20260728_070720_tp00009_t0860s_44.jpg,643663,1920,1080,117.52,42.21,629.0,1.004,0.975,False,False,False
20260728_070720_tp00009,tp00009,2026-07-28,07:07:20,880,45,20260728_070720_tp00009_t0880s_45.jpg,data/processed/20260728_070720_tp00009/20260728_070720_tp00009_t0880s_45.jpg,611632,1920,1080,116.98,40.85,597.0,1.0,0.943,False,False,False
20260728_070720_tp00009,tp00009,2026-07-28,07:07:20,900,46,20260728_070720_tp00009_t0900s_46.jpg,data/processed/20260728_070720_tp00009/20260728_070720_tp00009_t0900s_46.jpg,608337,1920,1080,117.3,41.0,594.0,1.002,0.947,False,False,False
20260728_070720_tp00009,tp00009,2026-07-28,07:07:20,920,47,20260728_070720_tp00009_t0920s_47.jpg,data/processed/20260728_070720_tp00009/20260728_070720_tp00009_t0920s_47.jpg,616370,1920,1080,116.21,41.05,602.0,0.993,0.948,False,False,False
20260728_070720_tp00009,tp00009,2026-07-28,07:07:20,940,48,20260728_070720_tp00009_t0940s_48.jpg,data/processed/20260728_070720_tp00009/20260728_070720_tp00009_t0940s_48.jpg,640307,1920,1080,116.34,41.56,625.0,0.994,0.96,False,False,False
20260728_070720_tp00009,tp00009,2026-07-28,07:07:20,960,49,20260728_070720_tp00009_t0960s_49.jpg,data/processed/20260728_070720_tp00009/20260728_070720_tp00009_t0960s_49.jpg,620229,1920,1080,116.96,41.61,606.0,0.999,0.961,False,False,False
20260728_070720_tp00009,tp00009,2026-07-28,07:07:20,980,50,20260728_070720_tp00009_t0980s_50.jpg,data/processed/20260728_070720_tp00009/20260728_070720_tp00009_t0980s_50.jpg,624291,1920,1080,118.02,41.51,610.0,1.009,0.959,False,False,False
20260728_070720_tp00009,tp00009,2026-07-28,07:07:20,1000,51,20260728_070720_tp00009_t1000s_51.jpg,data/processed/20260728_070720_tp00009/20260728_070720_tp00009_t1000s_51.jpg,618538,1920,1080,117.93,41.42,604.0,1.008,0.957,False,False,False
20260728_070720_tp00009,tp00009,2026-07-28,07:07:20,1020,52,20260728_070720_tp00009_t1020s_52.jpg,data/processed/20260728_070720_tp00009/20260728_070720_tp00009_t1020s_52.jpg,635813,1920,1080,116.9,41.89,621.0,0.999,0.967,False,False,False
20260728_070720_tp00009,tp00009,2026-07-28,07:07:20,1040,53,20260728_070720_tp00009_t1040s_53.jpg,data/processed/20260728_070720_tp00009/20260728_070720_tp00009_t1040s_53.jpg,632736,1920,1080,117.88,41.81,618.0,1.007,0.966,False,False,False
20260728_070720_tp00009,tp00009,2026-07-28,07:07:20,1060,54,20260728_070720_tp00009_t1060s_54.jpg,data/processed/20260728_070720_tp00009/20260728_070720_tp00009_t1060s_54.jpg,618716,1920,1080,117.44,41.67,604.0,1.004,0.962,False,False,False
20260728_070720_tp00009,tp00009,2026-07-28,07:07:20,1080,55,20260728_070720_tp00009_t1080s_55.jpg,data/processed/20260728_070720_tp00009/20260728_070720_tp00009_t1080s_55.jpg,610604,1920,1080,117.04,41.54,596.0,1.0,0.959,False,False,False
20260728_070720_tp00009,tp00009,2026-07-28,07:07:20,1100,56,20260728_070720_tp00009_t1100s_56.jpg,data/processed/20260728_070720_tp00009/20260728_070720_tp00009_t1100s_56.jpg,588015,1920,1080,116.38,41.72,574.0,0.995,0.964,False,False,False
20260728_070720_tp00009,tp00009,2026-07-28,07:07:20,1120,57,20260728_070720_tp00009_t1120s_57.jpg,data/processed/20260728_070720_tp00009/20260728_070720_tp00009_t1120s_57.jpg,617560,1920,1080,115.66,42.36,603.0,0.988,0.978,False,False,False
20260728_070720_tp00009,tp00009,2026-07-28,07:07:20,1140,58,20260728_070720_tp00009_t1140s_58.jpg,data/processed/20260728_070720_tp00009/20260728_070720_tp00009_t1140s_58.jpg,621139,1920,1080,115.68,42.8,607.0,0.989,0.988,False,False,False
20260728_070720_tp00009,tp00009,2026-07-28,07:07:20,1160,59,20260728_070720_tp00009_t1160s_59.jpg,data/processed/20260728_070720_tp00009/20260728_070720_tp00009_t1160s_59.jpg,632509,1920,1080,115.43,43.16,618.0,0.986,0.997,False,False,False
20260728_070720_tp00009,tp00009,2026-07-28,07:07:20,1180,60,20260728_070720_tp00009_t1180s_60.jpg,data/processed/20260728_070720_tp00009/20260728_070720_tp00009_t1180s_60.jpg,593038,1920,1080,115.0,42.78,579.0,0.983,0.988,False,False,False
20260728_070720_tp00009,tp00009,2026-07-28,07:07:20,1200,61,20260728_070720_tp00009_t1200s_61.jpg,data/processed/20260728_070720_tp00009/20260728_070720_tp00009_t1200s_61.jpg,626518,1920,1080,115.42,42.78,612.0,0.986,0.988,False,False,False
20260728_070720_tp00009,tp00009,2026-07-28,07:07:20,1220,62,20260728_070720_tp00009_t1220s_62.jpg,data/processed/20260728_070720_tp00009/20260728_070720_tp00009_t1220s_62.jpg,626751,1920,1080,116.23,42.31,612.0,0.993,0.977,False,False,False
20260728_070720_tp00009,tp00009,2026-07-28,07:07:20,1240,63,20260728_070720_tp00009_t1240s_63.jpg,data/processed/20260728_070720_tp00009/20260728_070720_tp00009_t1240s_63.jpg,617839,1920,1080,117.33,42.45,603.0,1.003,0.98,False,False,False
20260728_072812_tp00010,tp00010,2026-07-28,07:28:12,0,1,20260728_072812_tp00010_t0000s_1.jpg,data/processed/20260728_072812_tp00010/20260728_072812_tp00010_t0000s_1.jpg,607975,1920,1080,116.69,42.32,594.0,0.988,0.932,False,False,False
20260728_072812_tp00010,tp00010,2026-07-28,07:28:12,20,2,20260728_072812_tp00010_t0020s_2.jpg,data/processed/20260728_072812_tp00010/20260728_072812_tp00010_t0020s_2.jpg,628443,1920,1080,115.2,42.39,614.0,0.976,0.934,False,False,False
20260728_072812_tp00010,tp00010,2026-07-28,07:28:12,40,3,20260728_072812_tp00010_t0040s_3.jpg,data/processed/20260728_072812_tp00010/20260728_072812_tp00010_t0040s_3.jpg,619372,1920,1080,113.69,42.91,605.0,0.963,0.945,False,False,False
20260728_072812_tp00010,tp00010,2026-07-28,07:28:12,60,4,20260728_072812_tp00010_t0060s_4.jpg,data/processed/20260728_072812_tp00010/20260728_072812_tp00010_t0060s_4.jpg,630163,1920,1080,113.76,43.66,615.0,0.963,0.962,False,False,False
20260728_072812_tp00010,tp00010,2026-07-28,07:28:12,80,5,20260728_072812_tp00010_t0080s_5.jpg,data/processed/20260728_072812_tp00010/20260728_072812_tp00010_t0080s_5.jpg,629384,1920,1080,116.41,44.47,615.0,0.986,0.98,False,False,False
20260728_072812_tp00010,tp00010,2026-07-28,07:28:12,100,6,20260728_072812_tp00010_t0100s_6.jpg,data/processed/20260728_072812_tp00010/20260728_072812_tp00010_t0100s_6.jpg,640632,1920,1080,115.96,44.78,626.0,0.982,0.987,False,False,False
20260728_072812_tp00010,tp00010,2026-07-28,07:28:12,120,7,20260728_072812_tp00010_t0120s_7.jpg,data/processed/20260728_072812_tp00010/20260728_072812_tp00010_t0120s_7.jpg,630280,1920,1080,116.09,44.45,616.0,0.983,0.979,False,False,False
20260728_072812_tp00010,tp00010,2026-07-28,07:28:12,140,8,20260728_072812_tp00010_t0140s_8.jpg,data/processed/20260728_072812_tp00010/20260728_072812_tp00010_t0140s_8.jpg,650677,1920,1080,115.91,45.35,635.0,0.982,0.999,False,False,False
20260728_072812_tp00010,tp00010,2026-07-28,07:28:12,160,9,20260728_072812_tp00010_t0160s_9.jpg,data/processed/20260728_072812_tp00010/20260728_072812_tp00010_t0160s_9.jpg,646704,1920,1080,115.82,45.27,632.0,0.981,0.997,False,False,False
20260728_072812_tp00010,tp00010,2026-07-28,07:28:12,180,10,20260728_072812_tp00010_t0180s_10.jpg,data/processed/20260728_072812_tp00010/20260728_072812_tp00010_t0180s_10.jpg,649463,1920,1080,116.26,45.42,634.0,0.985,1.001,False,False,False
20260728_072812_tp00010,tp00010,2026-07-28,07:28:12,200,11,20260728_072812_tp00010_t0200s_11.jpg,data/processed/20260728_072812_tp00010/20260728_072812_tp00010_t0200s_11.jpg,681679,1920,1080,116.95,45.99,666.0,0.991,1.013,False,False,False
20260728_072812_tp00010,tp00010,2026-07-28,07:28:12,220,12,20260728_072812_tp00010_t0220s_12.jpg,data/processed/20260728_072812_tp00010/20260728_072812_tp00010_t0220s_12.jpg,642002,1920,1080,120.13,46.04,627.0,1.017,1.014,False,False,False
20260728_072812_tp00010,tp00010,2026-07-28,07:28:12,240,13,20260728_072812_tp00010_t0240s_13.jpg,data/processed/20260728_072812_tp00010/20260728_072812_tp00010_t0240s_13.jpg,677744,1920,1080,118.2,46.6,662.0,1.001,1.027,False,False,False
20260728_072812_tp00010,tp00010,2026-07-28,07:28:12,260,14,20260728_072812_tp00010_t0260s_14.jpg,data/processed/20260728_072812_tp00010/20260728_072812_tp00010_t0260s_14.jpg,687595,1920,1080,118.01,46.32,671.0,0.999,1.02,False,False,False
20260728_072812_tp00010,tp00010,2026-07-28,07:28:12,280,15,20260728_072812_tp00010_t0280s_15.jpg,data/processed/20260728_072812_tp00010/20260728_072812_tp00010_t0280s_15.jpg,696701,1920,1080,120.58,46.61,680.0,1.021,1.027,False,False,False
20260728_072812_tp00010,tp00010,2026-07-28,07:28:12,300,16,20260728_072812_tp00010_t0300s_16.jpg,data/processed/20260728_072812_tp00010/20260728_072812_tp00010_t0300s_16.jpg,689026,1920,1080,118.48,45.22,673.0,1.003,0.996,False,False,False
20260728_072812_tp00010,tp00010,2026-07-28,07:28:12,320,17,20260728_072812_tp00010_t0320s_17.jpg,data/processed/20260728_072812_tp00010/20260728_072812_tp00010_t0320s_17.jpg,684049,1920,1080,118.88,44.9,668.0,1.007,0.989,False,False,False
20260728_072812_tp00010,tp00010,2026-07-28,07:28:12,340,18,20260728_072812_tp00010_t0340s_18.jpg,data/processed/20260728_072812_tp00010/20260728_072812_tp00010_t0340s_18.jpg,673401,1920,1080,119.49,44.71,658.0,1.012,0.985,False,False,False
20260728_072812_tp00010,tp00010,2026-07-28,07:28:12,360,19,20260728_072812_tp00010_t0360s_19.jpg,data/processed/20260728_072812_tp00010/20260728_072812_tp00010_t0360s_19.jpg,680822,1920,1080,120.96,43.9,665.0,1.024,0.967,False,False,False
20260728_072812_tp00010,tp00010,2026-07-28,07:28:12,380,20,20260728_072812_tp00010_t0380s_20.jpg,data/processed/20260728_072812_tp00010/20260728_072812_tp00010_t0380s_20.jpg,654618,1920,1080,119.38,43.16,639.0,1.011,0.951,False,False,False
20260728_072812_tp00010,tp00010,2026-07-28,07:28:12,400,21,20260728_072812_tp00010_t0400s_21.jpg,data/processed/20260728_072812_tp00010/20260728_072812_tp00010_t0400s_21.jpg,636912,1920,1080,119.25,43.31,622.0,1.01,0.954,False,False,False
20260728_072812_tp00010,tp00010,2026-07-28,07:28:12,420,22,20260728_072812_tp00010_t0420s_22.jpg,data/processed/20260728_072812_tp00010/20260728_072812_tp00010_t0420s_22.jpg,664559,1920,1080,120.07,43.61,649.0,1.017,0.961,False,False,False
20260728_072812_tp00010,tp00010,2026-07-28,07:28:12,440,23,20260728_072812_tp00010_t0440s_23.jpg,data/processed/20260728_072812_tp00010/20260728_072812_tp00010_t0440s_23.jpg,676689,1920,1080,120.02,43.78,661.0,1.017,0.965,False,False,False
20260728_072812_tp00010,tp00010,2026-07-28,07:28:12,460,24,20260728_072812_tp00010_t0460s_24.jpg,data/processed/20260728_072812_tp00010/20260728_072812_tp00010_t0460s_24.jpg,671659,1920,1080,119.52,44.24,656.0,1.012,0.975,False,False,False
20260728_072812_tp00010,tp00010,2026-07-28,07:28:12,480,25,20260728_072812_tp00010_t0480s_25.jpg,data/processed/20260728_072812_tp00010/20260728_072812_tp00010_t0480s_25.jpg,678543,1920,1080,118.07,43.78,663.0,1.0,0.965,False,False,False
20260728_072812_tp00010,tp00010,2026-07-28,07:28:12,500,26,20260728_072812_tp00010_t0500s_26.jpg,data/processed/20260728_072812_tp00010/20260728_072812_tp00010_t0500s_26.jpg,693035,1920,1080,117.11,44.87,677.0,0.992,0.989,False,False,False
20260728_072812_tp00010,tp00010,2026-07-28,07:28:12,520,27,20260728_072812_tp00010_t0520s_27.jpg,data/processed/20260728_072812_tp00010/20260728_072812_tp00010_t0520s_27.jpg,681170,1920,1080,118.01,44.3,665.0,0.999,0.976,False,False,False
20260728_072812_tp00010,tp00010,2026-07-28,07:28:12,540,28,20260728_072812_tp00010_t0540s_28.jpg,data/processed/20260728_072812_tp00010/20260728_072812_tp00010_t0540s_28.jpg,677648,1920,1080,118.74,43.98,662.0,1.006,0.969,False,False,False
20260728_072812_tp00010,tp00010,2026-07-28,07:28:12,560,29,20260728_072812_tp00010_t0560s_29.jpg,data/processed/20260728_072812_tp00010/20260728_072812_tp00010_t0560s_29.jpg,680644,1920,1080,119.17,44.18,665.0,1.009,0.973,False,False,False
20260728_072812_tp00010,tp00010,2026-07-28,07:28:12,580,30,20260728_072812_tp00010_t0580s_30.jpg,data/processed/20260728_072812_tp00010/20260728_072812_tp00010_t0580s_30.jpg,693390,1920,1080,118.07,44.79,677.0,1.0,0.987,False,False,False
20260728_072812_tp00010,tp00010,2026-07-28,07:28:12,600,31,20260728_072812_tp00010_t0600s_31.jpg,data/processed/20260728_072812_tp00010/20260728_072812_tp00010_t0600s_31.jpg,708144,1920,1080,118.07,44.58,692.0,1.0,0.982,False,False,False
20260728_072812_tp00010,tp00010,2026-07-28,07:28:12,620,32,20260728_072812_tp00010_t0620s_32.jpg,data/processed/20260728_072812_tp00010/20260728_072812_tp00010_t0620s_32.jpg,691859,1920,1080,118.64,44.73,676.0,1.005,0.985,False,False,False
20260728_072812_tp00010,tp00010,2026-07-28,07:28:12,640,33,20260728_072812_tp00010_t0640s_33.jpg,data/processed/20260728_072812_tp00010/20260728_072812_tp00010_t0640s_33.jpg,658211,1920,1080,119.02,44.13,643.0,1.008,0.972,False,False,False
20260728_072812_tp00010,tp00010,2026-07-28,07:28:12,660,34,20260728_072812_tp00010_t0660s_34.jpg,data/processed/20260728_072812_tp00010/20260728_072812_tp00010_t0660s_34.jpg,682964,1920,1080,118.53,44.96,667.0,1.004,0.991,False,False,False
20260728_072812_tp00010,tp00010,2026-07-28,07:28:12,680,35,20260728_072812_tp00010_t0680s_35.jpg,data/processed/20260728_072812_tp00010/20260728_072812_tp00010_t0680s_35.jpg,674431,1920,1080,118.22,45.39,659.0,1.001,1.0,False,False,False
20260728_072812_tp00010,tp00010,2026-07-28,07:28:12,700,36,20260728_072812_tp00010_t0700s_36.jpg,data/processed/20260728_072812_tp00010/20260728_072812_tp00010_t0700s_36.jpg,705457,1920,1080,119.1,45.68,689.0,1.009,1.006,False,False,False
20260728_072812_tp00010,tp00010,2026-07-28,07:28:12,720,37,20260728_072812_tp00010_t0720s_37.jpg,data/processed/20260728_072812_tp00010/20260728_072812_tp00010_t0720s_37.jpg,698818,1920,1080,117.61,46.12,682.0,0.996,1.016,False,False,False
20260728_072812_tp00010,tp00010,2026-07-28,07:28:12,740,38,20260728_072812_tp00010_t0740s_38.jpg,data/processed/20260728_072812_tp00010/20260728_072812_tp00010_t0740s_38.jpg,701094,1920,1080,118.2,46.2,685.0,1.001,1.018,False,False,False
20260728_072812_tp00010,tp00010,2026-07-28,07:28:12,760,39,20260728_072812_tp00010_t0760s_39.jpg,data/processed/20260728_072812_tp00010/20260728_072812_tp00010_t0760s_39.jpg,699455,1920,1080,118.21,46.17,683.0,1.001,1.017,False,False,False
20260728_072812_tp00010,tp00010,2026-07-28,07:28:12,780,40,20260728_072812_tp00010_t0780s_40.jpg,data/processed/20260728_072812_tp00010/20260728_072812_tp00010_t0780s_40.jpg,698261,1920,1080,118.54,45.46,682.0,1.004,1.002,False,False,False
20260728_072812_tp00010,tp00010,2026-07-28,07:28:12,800,41,20260728_072812_tp00010_t0800s_41.jpg,data/processed/20260728_072812_tp00010/20260728_072812_tp00010_t0800s_41.jpg,704307,1920,1080,117.56,46.58,688.0,0.996,1.026,False,False,False
20260728_072812_tp00010,tp00010,2026-07-28,07:28:12,820,42,20260728_072812_tp00010_t0820s_42.jpg,data/processed/20260728_072812_tp00010/20260728_072812_tp00010_t0820s_42.jpg,707439,1920,1080,118.02,46.24,691.0,1.0,1.019,False,False,False
20260728_072812_tp00010,tp00010,2026-07-28,07:28:12,840,43,20260728_072812_tp00010_t0840s_43.jpg,data/processed/20260728_072812_tp00010/20260728_072812_tp00010_t0840s_43.jpg,717049,1920,1080,118.11,46.72,700.0,1.0,1.029,False,False,False
20260728_072812_tp00010,tp00010,2026-07-28,07:28:12,860,44,20260728_072812_tp00010_t0860s_44.jpg,data/processed/20260728_072812_tp00010/20260728_072812_tp00010_t0860s_44.jpg,693093,1920,1080,118.41,47.32,677.0,1.003,1.043,False,False,False
20260728_072812_tp00010,tp00010,2026-07-28,07:28:12,880,45,20260728_072812_tp00010_t0880s_45.jpg,data/processed/20260728_072812_tp00010/20260728_072812_tp00010_t0880s_45.jpg,653037,1920,1080,117.51,46.7,638.0,0.995,1.029,False,False,False
20260728_072812_tp00010,tp00010,2026-07-28,07:28:12,900,46,20260728_072812_tp00010_t0900s_46.jpg,data/processed/20260728_072812_tp00010/20260728_072812_tp00010_t0900s_46.jpg,658675,1920,1080,117.76,45.4,643.0,0.997,1.0,False,False,False
20260728_072812_tp00010,tp00010,2026-07-28,07:28:12,920,47,20260728_072812_tp00010_t0920s_47.jpg,data/processed/20260728_072812_tp00010/20260728_072812_tp00010_t0920s_47.jpg,700860,1920,1080,116.35,44.74,684.0,0.985,0.986,False,False,False
20260728_072812_tp00010,tp00010,2026-07-28,07:28:12,940,48,20260728_072812_tp00010_t0940s_48.jpg,data/processed/20260728_072812_tp00010/20260728_072812_tp00010_t0940s_48.jpg,720182,1920,1080,117.95,45.75,703.0,0.999,1.008,False,False,False
20260728_072812_tp00010,tp00010,2026-07-28,07:28:12,960,49,20260728_072812_tp00010_t0960s_49.jpg,data/processed/20260728_072812_tp00010/20260728_072812_tp00010_t0960s_49.jpg,677913,1920,1080,117.69,44.94,662.0,0.997,0.99,False,False,False
20260728_072812_tp00010,tp00010,2026-07-28,07:28:12,980,50,20260728_072812_tp00010_t0980s_50.jpg,data/processed/20260728_072812_tp00010/20260728_072812_tp00010_t0980s_50.jpg,705455,1920,1080,116.94,45.17,689.0,0.99,0.995,False,False,False
20260728_072812_tp00010,tp00010,2026-07-28,07:28:12,1000,51,20260728_072812_tp00010_t1000s_51.jpg,data/processed/20260728_072812_tp00010/20260728_072812_tp00010_t1000s_51.jpg,706685,1920,1080,117.73,45.5,690.0,0.997,1.002,False,False,False
20260728_072812_tp00010,tp00010,2026-07-28,07:28:12,1020,52,20260728_072812_tp00010_t1020s_52.jpg,data/processed/20260728_072812_tp00010/20260728_072812_tp00010_t1020s_52.jpg,690221,1920,1080,118.57,45.43,674.0,1.004,1.001,False,False,False
20260728_072812_tp00010,tp00010,2026-07-28,07:28:12,1040,53,20260728_072812_tp00010_t1040s_53.jpg,data/processed/20260728_072812_tp00010/20260728_072812_tp00010_t1040s_53.jpg,709602,1920,1080,117.39,45.88,693.0,0.994,1.011,False,False,False
20260728_072812_tp00010,tp00010,2026-07-28,07:28:12,1060,54,20260728_072812_tp00010_t1060s_54.jpg,data/processed/20260728_072812_tp00010/20260728_072812_tp00010_t1060s_54.jpg,713401,1920,1080,117.5,45.97,697.0,0.995,1.013,False,False,False
20260728_072812_tp00010,tp00010,2026-07-28,07:28:12,1080,55,20260728_072812_tp00010_t1080s_55.jpg,data/processed/20260728_072812_tp00010/20260728_072812_tp00010_t1080s_55.jpg,726822,1920,1080,116.61,46.7,710.0,0.988,1.029,False,False,False
20260728_072812_tp00010,tp00010,2026-07-28,07:28:12,1100,56,20260728_072812_tp00010_t1100s_56.jpg,data/processed/20260728_072812_tp00010/20260728_072812_tp00010_t1100s_56.jpg,717238,1920,1080,116.98,47.34,700.0,0.991,1.043,False,False,False
20260728_072812_tp00010,tp00010,2026-07-28,07:28:12,1120,57,20260728_072812_tp00010_t1120s_57.jpg,data/processed/20260728_072812_tp00010/20260728_072812_tp00010_t1120s_57.jpg,699566,1920,1080,116.46,47.07,683.0,0.986,1.037,False,False,False
20260728_072812_tp00010,tp00010,2026-07-28,07:28:12,1140,58,20260728_072812_tp00010_t1140s_58.jpg,data/processed/20260728_072812_tp00010/20260728_072812_tp00010_t1140s_58.jpg,730666,1920,1080,116.84,47.48,714.0,0.99,1.046,False,False,False
20260728_072812_tp00010,tp00010,2026-07-28,07:28:12,1160,59,20260728_072812_tp00010_t1160s_59.jpg,data/processed/20260728_072812_tp00010/20260728_072812_tp00010_t1160s_59.jpg,701835,1920,1080,118.58,46.26,685.0,1.004,1.019,False,False,False
20260728_072812_tp00010,tp00010,2026-07-28,07:28:12,1180,60,20260728_072812_tp00010_t1180s_60.jpg,data/processed/20260728_072812_tp00010/20260728_072812_tp00010_t1180s_60.jpg,712659,1920,1080,118.27,46.42,696.0,1.002,1.023,False,False,False
20260728_072812_tp00010,tp00010,2026-07-28,07:28:12,1200,61,20260728_072812_tp00010_t1200s_61.jpg,data/processed/20260728_072812_tp00010/20260728_072812_tp00010_t1200s_61.jpg,729340,1920,1080,118.87,46.66,712.0,1.007,1.028,False,False,False
20260728_072812_tp00010,tp00010,2026-07-28,07:28:12,1220,62,20260728_072812_tp00010_t1220s_62.jpg,data/processed/20260728_072812_tp00010/20260728_072812_tp00010_t1220s_62.jpg,685792,1920,1080,119.44,45.89,670.0,1.012,1.011,False,False,False
20260728_072812_tp00010,tp00010,2026-07-28,07:28:12,1240,63,20260728_072812_tp00010_t1240s_63.jpg,data/processed/20260728_072812_tp00010/20260728_072812_tp00010_t1240s_63.jpg,715180,1920,1080,119.7,46.04,698.0,1.014,1.014,False,False,False
20260728_074904_tp00011,tp00011,2026-07-28,07:49:04,0,1,20260728_074904_tp00011_t0000s_1.jpg,data/processed/20260728_074904_tp00011/20260728_074904_tp00011_t0000s_1.jpg,686745,1920,1080,118.23,44.69,671.0,0.988,1.035,False,False,False
20260728_074904_tp00011,tp00011,2026-07-28,07:49:04,20,2,20260728_074904_tp00011_t0020s_2.jpg,data/processed/20260728_074904_tp00011/20260728_074904_tp00011_t0020s_2.jpg,665898,1920,1080,118.91,44.44,650.0,0.993,1.029,False,False,False
20260728_074904_tp00011,tp00011,2026-07-28,07:49:04,40,3,20260728_074904_tp00011_t0040s_3.jpg,data/processed/20260728_074904_tp00011/20260728_074904_tp00011_t0040s_3.jpg,672354,1920,1080,117.2,44.63,657.0,0.979,1.033,False,False,False
20260728_074904_tp00011,tp00011,2026-07-28,07:49:04,60,4,20260728_074904_tp00011_t0060s_4.jpg,data/processed/20260728_074904_tp00011/20260728_074904_tp00011_t0060s_4.jpg,682618,1920,1080,119.13,44.1,667.0,0.995,1.021,False,False,False
20260728_074904_tp00011,tp00011,2026-07-28,07:49:04,80,5,20260728_074904_tp00011_t0080s_5.jpg,data/processed/20260728_074904_tp00011/20260728_074904_tp00011_t0080s_5.jpg,711484,1920,1080,118.86,45.32,695.0,0.993,1.049,False,False,False
20260728_074904_tp00011,tp00011,2026-07-28,07:49:04,100,6,20260728_074904_tp00011_t0100s_6.jpg,data/processed/20260728_074904_tp00011/20260728_074904_tp00011_t0100s_6.jpg,680121,1920,1080,118.98,43.9,664.0,0.994,1.016,False,False,False
20260728_074904_tp00011,tp00011,2026-07-28,07:49:04,120,7,20260728_074904_tp00011_t0120s_7.jpg,data/processed/20260728_074904_tp00011/20260728_074904_tp00011_t0120s_7.jpg,705235,1920,1080,119.42,44.03,689.0,0.997,1.019,False,False,False
20260728_074904_tp00011,tp00011,2026-07-28,07:49:04,140,8,20260728_074904_tp00011_t0140s_8.jpg,data/processed/20260728_074904_tp00011/20260728_074904_tp00011_t0140s_8.jpg,711746,1920,1080,118.56,44.61,695.0,0.99,1.033,False,False,False
20260728_074904_tp00011,tp00011,2026-07-28,07:49:04,160,9,20260728_074904_tp00011_t0160s_9.jpg,data/processed/20260728_074904_tp00011/20260728_074904_tp00011_t0160s_9.jpg,716618,1920,1080,118.46,44.57,700.0,0.989,1.032,False,False,False
20260728_074904_tp00011,tp00011,2026-07-28,07:49:04,180,10,20260728_074904_tp00011_t0180s_10.jpg,data/processed/20260728_074904_tp00011/20260728_074904_tp00011_t0180s_10.jpg,730154,1920,1080,118.03,45.08,713.0,0.986,1.044,False,False,False
20260728_074904_tp00011,tp00011,2026-07-28,07:49:04,200,11,20260728_074904_tp00011_t0200s_11.jpg,data/processed/20260728_074904_tp00011/20260728_074904_tp00011_t0200s_11.jpg,729839,1920,1080,118.45,44.63,713.0,0.989,1.033,False,False,False
20260728_074904_tp00011,tp00011,2026-07-28,07:49:04,220,12,20260728_074904_tp00011_t0220s_12.jpg,data/processed/20260728_074904_tp00011/20260728_074904_tp00011_t0220s_12.jpg,711051,1920,1080,119.42,43.96,694.0,0.997,1.018,False,False,False
20260728_074904_tp00011,tp00011,2026-07-28,07:49:04,240,13,20260728_074904_tp00011_t0240s_13.jpg,data/processed/20260728_074904_tp00011/20260728_074904_tp00011_t0240s_13.jpg,722804,1920,1080,120.47,43.97,706.0,1.006,1.018,False,False,False
20260728_074904_tp00011,tp00011,2026-07-28,07:49:04,260,14,20260728_074904_tp00011_t0260s_14.jpg,data/processed/20260728_074904_tp00011/20260728_074904_tp00011_t0260s_14.jpg,679371,1920,1080,118.94,43.23,663.0,0.993,1.001,False,False,False
20260728_074904_tp00011,tp00011,2026-07-28,07:49:04,280,15,20260728_074904_tp00011_t0280s_15.jpg,data/processed/20260728_074904_tp00011/20260728_074904_tp00011_t0280s_15.jpg,678854,1920,1080,117.31,44.26,663.0,0.98,1.025,False,False,False
20260728_074904_tp00011,tp00011,2026-07-28,07:49:04,300,16,20260728_074904_tp00011_t0300s_16.jpg,data/processed/20260728_074904_tp00011/20260728_074904_tp00011_t0300s_16.jpg,706348,1920,1080,118.27,43.82,690.0,0.988,1.015,False,False,False
20260728_074904_tp00011,tp00011,2026-07-28,07:49:04,320,17,20260728_074904_tp00011_t0320s_17.jpg,data/processed/20260728_074904_tp00011/20260728_074904_tp00011_t0320s_17.jpg,675652,1920,1080,118.78,43.59,660.0,0.992,1.009,False,False,False
20260728_074904_tp00011,tp00011,2026-07-28,07:49:04,340,18,20260728_074904_tp00011_t0340s_18.jpg,data/processed/20260728_074904_tp00011/20260728_074904_tp00011_t0340s_18.jpg,681377,1920,1080,119.44,43.59,665.0,0.998,1.009,False,False,False
20260728_074904_tp00011,tp00011,2026-07-28,07:49:04,360,19,20260728_074904_tp00011_t0360s_19.jpg,data/processed/20260728_074904_tp00011/20260728_074904_tp00011_t0360s_19.jpg,673412,1920,1080,119.68,43.37,658.0,1.0,1.004,False,False,False
20260728_074904_tp00011,tp00011,2026-07-28,07:49:04,380,20,20260728_074904_tp00011_t0380s_20.jpg,data/processed/20260728_074904_tp00011/20260728_074904_tp00011_t0380s_20.jpg,666041,1920,1080,119.8,44.81,650.0,1.001,1.038,False,False,False
20260728_074904_tp00011,tp00011,2026-07-28,07:49:04,400,21,20260728_074904_tp00011_t0400s_21.jpg,data/processed/20260728_074904_tp00011/20260728_074904_tp00011_t0400s_21.jpg,663931,1920,1080,119.35,43.4,648.0,0.997,1.005,False,False,False
20260728_074904_tp00011,tp00011,2026-07-28,07:49:04,420,22,20260728_074904_tp00011_t0420s_22.jpg,data/processed/20260728_074904_tp00011/20260728_074904_tp00011_t0420s_22.jpg,664597,1920,1080,119.94,43.4,649.0,1.002,1.005,False,False,False
20260728_074904_tp00011,tp00011,2026-07-28,07:49:04,440,23,20260728_074904_tp00011_t0440s_23.jpg,data/processed/20260728_074904_tp00011/20260728_074904_tp00011_t0440s_23.jpg,670065,1920,1080,118.94,44.0,654.0,0.993,1.019,False,False,False
20260728_074904_tp00011,tp00011,2026-07-28,07:49:04,460,24,20260728_074904_tp00011_t0460s_24.jpg,data/processed/20260728_074904_tp00011/20260728_074904_tp00011_t0460s_24.jpg,642134,1920,1080,119.22,42.68,627.0,0.996,0.988,False,False,False
20260728_074904_tp00011,tp00011,2026-07-28,07:49:04,480,25,20260728_074904_tp00011_t0480s_25.jpg,data/processed/20260728_074904_tp00011/20260728_074904_tp00011_t0480s_25.jpg,660038,1920,1080,120.69,43.16,645.0,1.008,0.999,False,False,False
20260728_074904_tp00011,tp00011,2026-07-28,07:49:04,500,26,20260728_074904_tp00011_t0500s_26.jpg,data/processed/20260728_074904_tp00011/20260728_074904_tp00011_t0500s_26.jpg,669727,1920,1080,120.55,43.44,654.0,1.007,1.006,False,False,False
20260728_074904_tp00011,tp00011,2026-07-28,07:49:04,520,27,20260728_074904_tp00011_t0520s_27.jpg,data/processed/20260728_074904_tp00011/20260728_074904_tp00011_t0520s_27.jpg,668692,1920,1080,121.35,43.23,653.0,1.014,1.001,False,False,False
20260728_074904_tp00011,tp00011,2026-07-28,07:49:04,540,28,20260728_074904_tp00011_t0540s_28.jpg,data/processed/20260728_074904_tp00011/20260728_074904_tp00011_t0540s_28.jpg,697191,1920,1080,120.58,43.27,681.0,1.007,1.002,False,False,False
20260728_074904_tp00011,tp00011,2026-07-28,07:49:04,560,29,20260728_074904_tp00011_t0560s_29.jpg,data/processed/20260728_074904_tp00011/20260728_074904_tp00011_t0560s_29.jpg,672668,1920,1080,119.06,42.76,657.0,0.994,0.99,False,False,False
20260728_074904_tp00011,tp00011,2026-07-28,07:49:04,580,30,20260728_074904_tp00011_t0580s_30.jpg,data/processed/20260728_074904_tp00011/20260728_074904_tp00011_t0580s_30.jpg,666520,1920,1080,119.18,42.81,651.0,0.995,0.991,False,False,False
20260728_074904_tp00011,tp00011,2026-07-28,07:49:04,600,31,20260728_074904_tp00011_t0600s_31.jpg,data/processed/20260728_074904_tp00011/20260728_074904_tp00011_t0600s_31.jpg,694863,1920,1080,118.55,43.45,679.0,0.99,1.006,False,False,False
20260728_074904_tp00011,tp00011,2026-07-28,07:49:04,620,32,20260728_074904_tp00011_t0620s_32.jpg,data/processed/20260728_074904_tp00011/20260728_074904_tp00011_t0620s_32.jpg,673322,1920,1080,119.81,42.44,658.0,1.001,0.983,False,False,False
20260728_074904_tp00011,tp00011,2026-07-28,07:49:04,640,33,20260728_074904_tp00011_t0640s_33.jpg,data/processed/20260728_074904_tp00011/20260728_074904_tp00011_t0640s_33.jpg,651518,1920,1080,120.01,41.1,636.0,1.002,0.952,False,False,False
20260728_074904_tp00011,tp00011,2026-07-28,07:49:04,660,34,20260728_074904_tp00011_t0660s_34.jpg,data/processed/20260728_074904_tp00011/20260728_074904_tp00011_t0660s_34.jpg,668327,1920,1080,120.6,41.53,653.0,1.007,0.962,False,False,False
20260728_074904_tp00011,tp00011,2026-07-28,07:49:04,680,35,20260728_074904_tp00011_t0680s_35.jpg,data/processed/20260728_074904_tp00011/20260728_074904_tp00011_t0680s_35.jpg,642765,1920,1080,120.28,41.35,628.0,1.005,0.957,False,False,False
20260728_074904_tp00011,tp00011,2026-07-28,07:49:04,700,36,20260728_074904_tp00011_t0700s_36.jpg,data/processed/20260728_074904_tp00011/20260728_074904_tp00011_t0700s_36.jpg,679165,1920,1080,120.65,42.05,663.0,1.008,0.974,False,False,False
20260728_074904_tp00011,tp00011,2026-07-28,07:49:04,720,37,20260728_074904_tp00011_t0720s_37.jpg,data/processed/20260728_074904_tp00011/20260728_074904_tp00011_t0720s_37.jpg,643427,1920,1080,120.83,41.49,628.0,1.009,0.961,False,False,False
20260728_074904_tp00011,tp00011,2026-07-28,07:49:04,740,38,20260728_074904_tp00011_t0740s_38.jpg,data/processed/20260728_074904_tp00011/20260728_074904_tp00011_t0740s_38.jpg,650799,1920,1080,120.65,41.41,636.0,1.008,0.959,False,False,False
20260728_074904_tp00011,tp00011,2026-07-28,07:49:04,760,39,20260728_074904_tp00011_t0760s_39.jpg,data/processed/20260728_074904_tp00011/20260728_074904_tp00011_t0760s_39.jpg,660454,1920,1080,120.18,40.81,645.0,1.004,0.945,False,False,False
20260728_074904_tp00011,tp00011,2026-07-28,07:49:04,780,40,20260728_074904_tp00011_t0780s_40.jpg,data/processed/20260728_074904_tp00011/20260728_074904_tp00011_t0780s_40.jpg,689003,1920,1080,118.87,42.61,673.0,0.993,0.987,False,False,False
20260728_074904_tp00011,tp00011,2026-07-28,07:49:04,800,41,20260728_074904_tp00011_t0800s_41.jpg,data/processed/20260728_074904_tp00011/20260728_074904_tp00011_t0800s_41.jpg,672008,1920,1080,118.15,42.01,656.0,0.987,0.973,False,False,False
20260728_074904_tp00011,tp00011,2026-07-28,07:49:04,820,42,20260728_074904_tp00011_t0820s_42.jpg,data/processed/20260728_074904_tp00011/20260728_074904_tp00011_t0820s_42.jpg,694841,1920,1080,119.84,41.78,679.0,1.001,0.967,False,False,False
20260728_074904_tp00011,tp00011,2026-07-28,07:49:04,840,43,20260728_074904_tp00011_t0840s_43.jpg,data/processed/20260728_074904_tp00011/20260728_074904_tp00011_t0840s_43.jpg,670087,1920,1080,119.4,41.29,654.0,0.997,0.956,False,False,False
20260728_074904_tp00011,tp00011,2026-07-28,07:49:04,860,44,20260728_074904_tp00011_t0860s_44.jpg,data/processed/20260728_074904_tp00011/20260728_074904_tp00011_t0860s_44.jpg,674980,1920,1080,118.31,42.88,659.0,0.988,0.993,False,False,False
20260728_074904_tp00011,tp00011,2026-07-28,07:49:04,880,45,20260728_074904_tp00011_t0880s_45.jpg,data/processed/20260728_074904_tp00011/20260728_074904_tp00011_t0880s_45.jpg,645350,1920,1080,119.76,41.57,630.0,1.0,0.962,False,False,False
20260728_074904_tp00011,tp00011,2026-07-28,07:49:04,900,46,20260728_074904_tp00011_t0900s_46.jpg,data/processed/20260728_074904_tp00011/20260728_074904_tp00011_t0900s_46.jpg,667561,1920,1080,120.25,42.09,652.0,1.004,0.975,False,False,False
20260728_074904_tp00011,tp00011,2026-07-28,07:49:04,920,47,20260728_074904_tp00011_t0920s_47.jpg,data/processed/20260728_074904_tp00011/20260728_074904_tp00011_t0920s_47.jpg,667168,1920,1080,119.72,42.44,652.0,1.0,0.983,False,False,False
20260728_074904_tp00011,tp00011,2026-07-28,07:49:04,940,48,20260728_074904_tp00011_t0940s_48.jpg,data/processed/20260728_074904_tp00011/20260728_074904_tp00011_t0940s_48.jpg,660735,1920,1080,119.99,43.16,645.0,1.002,0.999,False,False,False
20260728_074904_tp00011,tp00011,2026-07-28,07:49:04,960,49,20260728_074904_tp00011_t0960s_49.jpg,data/processed/20260728_074904_tp00011/20260728_074904_tp00011_t0960s_49.jpg,656008,1920,1080,119.68,43.15,641.0,1.0,0.999,False,False,False
20260728_074904_tp00011,tp00011,2026-07-28,07:49:04,980,50,20260728_074904_tp00011_t0980s_50.jpg,data/processed/20260728_074904_tp00011/20260728_074904_tp00011_t0980s_50.jpg,671252,1920,1080,118.61,43.19,656.0,0.991,1.0,False,False,False
20260728_074904_tp00011,tp00011,2026-07-28,07:49:04,1000,51,20260728_074904_tp00011_t1000s_51.jpg,data/processed/20260728_074904_tp00011/20260728_074904_tp00011_t1000s_51.jpg,663226,1920,1080,119.62,42.63,648.0,0.999,0.987,False,False,False
20260728_074904_tp00011,tp00011,2026-07-28,07:49:04,1020,52,20260728_074904_tp00011_t1020s_52.jpg,data/processed/20260728_074904_tp00011/20260728_074904_tp00011_t1020s_52.jpg,665900,1920,1080,120.7,42.21,650.0,1.008,0.977,False,False,False
20260728_074904_tp00011,tp00011,2026-07-28,07:49:04,1040,53,20260728_074904_tp00011_t1040s_53.jpg,data/processed/20260728_074904_tp00011/20260728_074904_tp00011_t1040s_53.jpg,663135,1920,1080,121.05,41.85,648.0,1.011,0.969,False,False,False
20260728_074904_tp00011,tp00011,2026-07-28,07:49:04,1060,54,20260728_074904_tp00011_t1060s_54.jpg,data/processed/20260728_074904_tp00011/20260728_074904_tp00011_t1060s_54.jpg,660066,1920,1080,121.89,41.61,645.0,1.018,0.963,False,False,False
20260728_074904_tp00011,tp00011,2026-07-28,07:49:04,1080,55,20260728_074904_tp00011_t1080s_55.jpg,data/processed/20260728_074904_tp00011/20260728_074904_tp00011_t1080s_55.jpg,659069,1920,1080,122.15,42.24,644.0,1.02,0.978,False,False,False
20260728_074904_tp00011,tp00011,2026-07-28,07:49:04,1100,56,20260728_074904_tp00011_t1100s_56.jpg,data/processed/20260728_074904_tp00011/20260728_074904_tp00011_t1100s_56.jpg,670263,1920,1080,121.63,42.35,655.0,1.016,0.981,False,False,False
20260728_074904_tp00011,tp00011,2026-07-28,07:49:04,1120,57,20260728_074904_tp00011_t1120s_57.jpg,data/processed/20260728_074904_tp00011/20260728_074904_tp00011_t1120s_57.jpg,671911,1920,1080,121.54,42.33,656.0,1.015,0.98,False,False,False
20260728_074904_tp00011,tp00011,2026-07-28,07:49:04,1140,58,20260728_074904_tp00011_t1140s_58.jpg,data/processed/20260728_074904_tp00011/20260728_074904_tp00011_t1140s_58.jpg,702245,1920,1080,120.87,43.48,686.0,1.01,1.007,False,False,False
20260728_074904_tp00011,tp00011,2026-07-28,07:49:04,1160,59,20260728_074904_tp00011_t1160s_59.jpg,data/processed/20260728_074904_tp00011/20260728_074904_tp00011_t1160s_59.jpg,687903,1920,1080,121.39,43.08,672.0,1.014,0.997,False,False,False
20260728_074904_tp00011,tp00011,2026-07-28,07:49:04,1180,60,20260728_074904_tp00011_t1180s_60.jpg,data/processed/20260728_074904_tp00011/20260728_074904_tp00011_t1180s_60.jpg,697379,1920,1080,119.97,44.05,681.0,1.002,1.02,False,False,False
20260728_074904_tp00011,tp00011,2026-07-28,07:49:04,1200,61,20260728_074904_tp00011_t1200s_61.jpg,data/processed/20260728_074904_tp00011/20260728_074904_tp00011_t1200s_61.jpg,655810,1920,1080,120.39,42.79,640.0,1.006,0.991,False,False,False
20260728_074904_tp00011,tp00011,2026-07-28,07:49:04,1220,62,20260728_074904_tp00011_t1220s_62.jpg,data/processed/20260728_074904_tp00011/20260728_074904_tp00011_t1220s_62.jpg,703287,1920,1080,120.14,43.7,687.0,1.004,1.012,False,False,False
20260728_074904_tp00011,tp00011,2026-07-28,07:49:04,1240,63,20260728_074904_tp00011_t1240s_63.jpg,data/processed/20260728_074904_tp00011/20260728_074904_tp00011_t1240s_63.jpg,700091,1920,1080,121.31,43.73,684.0,1.013,1.013,False,False,False
20260728_080956_tp00012,tp00012,2026-07-28,08:09:56,0,1,20260728_080956_tp00012_t0000s_1.jpg,data/processed/20260728_080956_tp00012/20260728_080956_tp00012_t0000s_1.jpg,712419,1920,1080,121.18,43.69,696.0,0.984,1.013,False,False,False
20260728_080956_tp00012,tp00012,2026-07-28,08:09:56,20,2,20260728_080956_tp00012_t0020s_2.jpg,data/processed/20260728_080956_tp00012/20260728_080956_tp00012_t0020s_2.jpg,670817,1920,1080,122.18,43.77,655.0,0.992,1.015,False,False,False
20260728_080956_tp00012,tp00012,2026-07-28,08:09:56,40,3,20260728_080956_tp00012_t0040s_3.jpg,data/processed/20260728_080956_tp00012/20260728_080956_tp00012_t0040s_3.jpg,708544,1920,1080,122.1,43.57,692.0,0.991,1.01,False,False,False
20260728_080956_tp00012,tp00012,2026-07-28,08:09:56,60,4,20260728_080956_tp00012_t0060s_4.jpg,data/processed/20260728_080956_tp00012/20260728_080956_tp00012_t0060s_4.jpg,733577,1920,1080,120.88,42.91,716.0,0.981,0.995,False,False,False
20260728_080956_tp00012,tp00012,2026-07-28,08:09:56,80,5,20260728_080956_tp00012_t0080s_5.jpg,data/processed/20260728_080956_tp00012/20260728_080956_tp00012_t0080s_5.jpg,732902,1920,1080,121.02,42.95,716.0,0.982,0.996,False,False,False
20260728_080956_tp00012,tp00012,2026-07-28,08:09:56,100,6,20260728_080956_tp00012_t0100s_6.jpg,data/processed/20260728_080956_tp00012/20260728_080956_tp00012_t0100s_6.jpg,731269,1920,1080,121.33,42.71,714.0,0.985,0.99,False,False,False
20260728_080956_tp00012,tp00012,2026-07-28,08:09:56,120,7,20260728_080956_tp00012_t0120s_7.jpg,data/processed/20260728_080956_tp00012/20260728_080956_tp00012_t0120s_7.jpg,724712,1920,1080,122.37,42.1,708.0,0.993,0.976,False,False,False
20260728_080956_tp00012,tp00012,2026-07-28,08:09:56,140,8,20260728_080956_tp00012_t0140s_8.jpg,data/processed/20260728_080956_tp00012/20260728_080956_tp00012_t0140s_8.jpg,696120,1920,1080,123.59,41.34,680.0,1.003,0.959,False,False,False
20260728_080956_tp00012,tp00012,2026-07-28,08:09:56,160,9,20260728_080956_tp00012_t0160s_9.jpg,data/processed/20260728_080956_tp00012/20260728_080956_tp00012_t0160s_9.jpg,690626,1920,1080,122.09,42.4,674.0,0.991,0.983,False,False,False
20260728_080956_tp00012,tp00012,2026-07-28,08:09:56,180,10,20260728_080956_tp00012_t0180s_10.jpg,data/processed/20260728_080956_tp00012/20260728_080956_tp00012_t0180s_10.jpg,747915,1920,1080,121.03,43.67,730.0,0.982,1.013,False,False,False
20260728_080956_tp00012,tp00012,2026-07-28,08:09:56,200,11,20260728_080956_tp00012_t0200s_11.jpg,data/processed/20260728_080956_tp00012/20260728_080956_tp00012_t0200s_11.jpg,754144,1920,1080,121.39,43.67,736.0,0.985,1.013,False,False,False
20260728_080956_tp00012,tp00012,2026-07-28,08:09:56,220,12,20260728_080956_tp00012_t0220s_12.jpg,data/processed/20260728_080956_tp00012/20260728_080956_tp00012_t0220s_12.jpg,730168,1920,1080,122.14,42.13,713.0,0.991,0.977,False,False,False
20260728_080956_tp00012,tp00012,2026-07-28,08:09:56,240,13,20260728_080956_tp00012_t0240s_13.jpg,data/processed/20260728_080956_tp00012/20260728_080956_tp00012_t0240s_13.jpg,719560,1920,1080,121.73,42.77,703.0,0.988,0.992,False,False,False
20260728_080956_tp00012,tp00012,2026-07-28,08:09:56,260,14,20260728_080956_tp00012_t0260s_14.jpg,data/processed/20260728_080956_tp00012/20260728_080956_tp00012_t0260s_14.jpg,695998,1920,1080,122.26,42.75,680.0,0.992,0.991,False,False,False
20260728_080956_tp00012,tp00012,2026-07-28,08:09:56,280,15,20260728_080956_tp00012_t0280s_15.jpg,data/processed/20260728_080956_tp00012/20260728_080956_tp00012_t0280s_15.jpg,734342,1920,1080,122.49,42.89,717.0,0.994,0.995,False,False,False
20260728_080956_tp00012,tp00012,2026-07-28,08:09:56,300,16,20260728_080956_tp00012_t0300s_16.jpg,data/processed/20260728_080956_tp00012/20260728_080956_tp00012_t0300s_16.jpg,698172,1920,1080,123.45,41.85,682.0,1.002,0.971,False,False,False
20260728_080956_tp00012,tp00012,2026-07-28,08:09:56,320,17,20260728_080956_tp00012_t0320s_17.jpg,data/processed/20260728_080956_tp00012/20260728_080956_tp00012_t0320s_17.jpg,713615,1920,1080,123.9,41.28,697.0,1.006,0.957,False,False,False
20260728_080956_tp00012,tp00012,2026-07-28,08:09:56,340,18,20260728_080956_tp00012_t0340s_18.jpg,data/processed/20260728_080956_tp00012/20260728_080956_tp00012_t0340s_18.jpg,718911,1920,1080,123.01,41.59,702.0,0.999,0.965,False,False,False
20260728_080956_tp00012,tp00012,2026-07-28,08:09:56,360,19,20260728_080956_tp00012_t0360s_19.jpg,data/processed/20260728_080956_tp00012/20260728_080956_tp00012_t0360s_19.jpg,729476,1920,1080,122.01,42.15,712.0,0.99,0.978,False,False,False
20260728_080956_tp00012,tp00012,2026-07-28,08:09:56,380,20,20260728_080956_tp00012_t0380s_20.jpg,data/processed/20260728_080956_tp00012/20260728_080956_tp00012_t0380s_20.jpg,757575,1920,1080,122.31,42.82,740.0,0.993,0.993,False,False,False
20260728_080956_tp00012,tp00012,2026-07-28,08:09:56,400,21,20260728_080956_tp00012_t0400s_21.jpg,data/processed/20260728_080956_tp00012/20260728_080956_tp00012_t0400s_21.jpg,747175,1920,1080,121.32,43.65,730.0,0.985,1.012,False,False,False
20260728_080956_tp00012,tp00012,2026-07-28,08:09:56,420,22,20260728_080956_tp00012_t0420s_22.jpg,data/processed/20260728_080956_tp00012/20260728_080956_tp00012_t0420s_22.jpg,740739,1920,1080,120.77,43.59,723.0,0.98,1.011,False,False,False
20260728_080956_tp00012,tp00012,2026-07-28,08:09:56,440,23,20260728_080956_tp00012_t0440s_23.jpg,data/processed/20260728_080956_tp00012/20260728_080956_tp00012_t0440s_23.jpg,743785,1920,1080,120.77,43.65,726.0,0.98,1.012,False,False,False
20260728_080956_tp00012,tp00012,2026-07-28,08:09:56,460,24,20260728_080956_tp00012_t0460s_24.jpg,data/processed/20260728_080956_tp00012/20260728_080956_tp00012_t0460s_24.jpg,744804,1920,1080,120.35,43.61,727.0,0.977,1.011,False,False,False
20260728_080956_tp00012,tp00012,2026-07-28,08:09:56,480,25,20260728_080956_tp00012_t0480s_25.jpg,data/processed/20260728_080956_tp00012/20260728_080956_tp00012_t0480s_25.jpg,743898,1920,1080,120.94,43.06,726.0,0.982,0.999,False,False,False
20260728_080956_tp00012,tp00012,2026-07-28,08:09:56,500,26,20260728_080956_tp00012_t0500s_26.jpg,data/processed/20260728_080956_tp00012/20260728_080956_tp00012_t0500s_26.jpg,738982,1920,1080,120.57,43.32,722.0,0.979,1.005,False,False,False
20260728_080956_tp00012,tp00012,2026-07-28,08:09:56,520,27,20260728_080956_tp00012_t0520s_27.jpg,data/processed/20260728_080956_tp00012/20260728_080956_tp00012_t0520s_27.jpg,747096,1920,1080,120.83,43.31,730.0,0.981,1.004,False,False,False
20260728_080956_tp00012,tp00012,2026-07-28,08:09:56,540,28,20260728_080956_tp00012_t0540s_28.jpg,data/processed/20260728_080956_tp00012/20260728_080956_tp00012_t0540s_28.jpg,752890,1920,1080,121.08,43.19,735.0,0.983,1.002,False,False,False
20260728_080956_tp00012,tp00012,2026-07-28,08:09:56,560,29,20260728_080956_tp00012_t0560s_29.jpg,data/processed/20260728_080956_tp00012/20260728_080956_tp00012_t0560s_29.jpg,754999,1920,1080,121.86,43.89,737.0,0.989,1.018,False,False,False
20260728_080956_tp00012,tp00012,2026-07-28,08:09:56,580,30,20260728_080956_tp00012_t0580s_30.jpg,data/processed/20260728_080956_tp00012/20260728_080956_tp00012_t0580s_30.jpg,757183,1920,1080,122.01,43.89,739.0,0.99,1.018,False,False,False
20260728_080956_tp00012,tp00012,2026-07-28,08:09:56,600,31,20260728_080956_tp00012_t0600s_31.jpg,data/processed/20260728_080956_tp00012/20260728_080956_tp00012_t0600s_31.jpg,762352,1920,1080,122.6,43.97,744.0,0.995,1.02,False,False,False
20260728_080956_tp00012,tp00012,2026-07-28,08:09:56,620,32,20260728_080956_tp00012_t0620s_32.jpg,data/processed/20260728_080956_tp00012/20260728_080956_tp00012_t0620s_32.jpg,759026,1920,1080,123.26,43.94,741.0,1.001,1.019,False,False,False
20260728_080956_tp00012,tp00012,2026-07-28,08:09:56,640,33,20260728_080956_tp00012_t0640s_33.jpg,data/processed/20260728_080956_tp00012/20260728_080956_tp00012_t0640s_33.jpg,755189,1920,1080,123.96,43.87,737.0,1.006,1.017,False,False,False
20260728_080956_tp00012,tp00012,2026-07-28,08:09:56,660,34,20260728_080956_tp00012_t0660s_34.jpg,data/processed/20260728_080956_tp00012/20260728_080956_tp00012_t0660s_34.jpg,748702,1920,1080,123.49,43.5,731.0,1.002,1.009,False,False,False
20260728_080956_tp00012,tp00012,2026-07-28,08:09:56,680,35,20260728_080956_tp00012_t0680s_35.jpg,data/processed/20260728_080956_tp00012/20260728_080956_tp00012_t0680s_35.jpg,720930,1920,1080,123.13,41.92,704.0,1.0,0.972,False,False,False
20260728_080956_tp00012,tp00012,2026-07-28,08:09:56,700,36,20260728_080956_tp00012_t0700s_36.jpg,data/processed/20260728_080956_tp00012/20260728_080956_tp00012_t0700s_36.jpg,752172,1920,1080,123.17,43.19,735.0,1.0,1.002,False,False,False
20260728_080956_tp00012,tp00012,2026-07-28,08:09:56,720,37,20260728_080956_tp00012_t0720s_37.jpg,data/processed/20260728_080956_tp00012/20260728_080956_tp00012_t0720s_37.jpg,768747,1920,1080,122.96,43.02,751.0,0.998,0.998,False,False,False
20260728_080956_tp00012,tp00012,2026-07-28,08:09:56,740,38,20260728_080956_tp00012_t0740s_38.jpg,data/processed/20260728_080956_tp00012/20260728_080956_tp00012_t0740s_38.jpg,751233,1920,1080,123.19,42.66,734.0,1.0,0.989,False,False,False
20260728_080956_tp00012,tp00012,2026-07-28,08:09:56,760,39,20260728_080956_tp00012_t0760s_39.jpg,data/processed/20260728_080956_tp00012/20260728_080956_tp00012_t0760s_39.jpg,742098,1920,1080,123.98,42.54,725.0,1.006,0.987,False,False,False
20260728_080956_tp00012,tp00012,2026-07-28,08:09:56,780,40,20260728_080956_tp00012_t0780s_40.jpg,data/processed/20260728_080956_tp00012/20260728_080956_tp00012_t0780s_40.jpg,764492,1920,1080,124.68,42.85,747.0,1.012,0.994,False,False,False
20260728_080956_tp00012,tp00012,2026-07-28,08:09:56,800,41,20260728_080956_tp00012_t0800s_41.jpg,data/processed/20260728_080956_tp00012/20260728_080956_tp00012_t0800s_41.jpg,756565,1920,1080,124.82,43.39,739.0,1.013,1.006,False,False,False
20260728_080956_tp00012,tp00012,2026-07-28,08:09:56,820,42,20260728_080956_tp00012_t0820s_42.jpg,data/processed/20260728_080956_tp00012/20260728_080956_tp00012_t0820s_42.jpg,753353,1920,1080,124.41,43.03,736.0,1.01,0.998,False,False,False
20260728_080956_tp00012,tp00012,2026-07-28,08:09:56,840,43,20260728_080956_tp00012_t0840s_43.jpg,data/processed/20260728_080956_tp00012/20260728_080956_tp00012_t0840s_43.jpg,742610,1920,1080,125.22,42.57,725.0,1.016,0.987,False,False,False
20260728_080956_tp00012,tp00012,2026-07-28,08:09:56,860,44,20260728_080956_tp00012_t0860s_44.jpg,data/processed/20260728_080956_tp00012/20260728_080956_tp00012_t0860s_44.jpg,735377,1920,1080,125.34,42.28,718.0,1.017,0.981,False,False,False
20260728_080956_tp00012,tp00012,2026-07-28,08:09:56,880,45,20260728_080956_tp00012_t0880s_45.jpg,data/processed/20260728_080956_tp00012/20260728_080956_tp00012_t0880s_45.jpg,762851,1920,1080,124.71,43.56,745.0,1.012,1.01,False,False,False
20260728_080956_tp00012,tp00012,2026-07-28,08:09:56,900,46,20260728_080956_tp00012_t0900s_46.jpg,data/processed/20260728_080956_tp00012/20260728_080956_tp00012_t0900s_46.jpg,755423,1920,1080,124.47,43.83,738.0,1.01,1.016,False,False,False
20260728_080956_tp00012,tp00012,2026-07-28,08:09:56,920,47,20260728_080956_tp00012_t0920s_47.jpg,data/processed/20260728_080956_tp00012/20260728_080956_tp00012_t0920s_47.jpg,739683,1920,1080,124.73,43.72,722.0,1.013,1.014,False,False,False
20260728_080956_tp00012,tp00012,2026-07-28,08:09:56,940,48,20260728_080956_tp00012_t0940s_48.jpg,data/processed/20260728_080956_tp00012/20260728_080956_tp00012_t0940s_48.jpg,762211,1920,1080,124.67,44.46,744.0,1.012,1.031,False,False,False
20260728_080956_tp00012,tp00012,2026-07-28,08:09:56,960,49,20260728_080956_tp00012_t0960s_49.jpg,data/processed/20260728_080956_tp00012/20260728_080956_tp00012_t0960s_49.jpg,768769,1920,1080,124.91,44.26,751.0,1.014,1.026,False,False,False
20260728_080956_tp00012,tp00012,2026-07-28,08:09:56,980,50,20260728_080956_tp00012_t0980s_50.jpg,data/processed/20260728_080956_tp00012/20260728_080956_tp00012_t0980s_50.jpg,726201,1920,1080,124.27,43.47,709.0,1.009,1.008,False,False,False
20260728_080956_tp00012,tp00012,2026-07-28,08:09:56,1000,51,20260728_080956_tp00012_t1000s_51.jpg,data/processed/20260728_080956_tp00012/20260728_080956_tp00012_t1000s_51.jpg,759386,1920,1080,124.18,43.71,742.0,1.008,1.014,False,False,False
20260728_080956_tp00012,tp00012,2026-07-28,08:09:56,1020,52,20260728_080956_tp00012_t1020s_52.jpg,data/processed/20260728_080956_tp00012/20260728_080956_tp00012_t1020s_52.jpg,747844,1920,1080,124.86,43.21,730.0,1.014,1.002,False,False,False
20260728_080956_tp00012,tp00012,2026-07-28,08:09:56,1040,53,20260728_080956_tp00012_t1040s_53.jpg,data/processed/20260728_080956_tp00012/20260728_080956_tp00012_t1040s_53.jpg,730773,1920,1080,125.36,42.61,714.0,1.018,0.988,False,False,False
20260728_080956_tp00012,tp00012,2026-07-28,08:09:56,1060,54,20260728_080956_tp00012_t1060s_54.jpg,data/processed/20260728_080956_tp00012/20260728_080956_tp00012_t1060s_54.jpg,731730,1920,1080,125.39,43.21,715.0,1.018,1.002,False,False,False
20260728_080956_tp00012,tp00012,2026-07-28,08:09:56,1080,55,20260728_080956_tp00012_t1080s_55.jpg,data/processed/20260728_080956_tp00012/20260728_080956_tp00012_t1080s_55.jpg,737493,1920,1080,124.16,42.51,720.0,1.008,0.986,False,False,False
20260728_080956_tp00012,tp00012,2026-07-28,08:09:56,1100,56,20260728_080956_tp00012_t1100s_56.jpg,data/processed/20260728_080956_tp00012/20260728_080956_tp00012_t1100s_56.jpg,724642,1920,1080,123.55,42.57,708.0,1.003,0.987,False,False,False
20260728_080956_tp00012,tp00012,2026-07-28,08:09:56,1120,57,20260728_080956_tp00012_t1120s_57.jpg,data/processed/20260728_080956_tp00012/20260728_080956_tp00012_t1120s_57.jpg,761275,1920,1080,123.2,43.29,743.0,1.0,1.004,False,False,False
20260728_080956_tp00012,tp00012,2026-07-28,08:09:56,1140,58,20260728_080956_tp00012_t1140s_58.jpg,data/processed/20260728_080956_tp00012/20260728_080956_tp00012_t1140s_58.jpg,753034,1920,1080,123.9,42.97,735.0,1.006,0.997,False,False,False
20260728_080956_tp00012,tp00012,2026-07-28,08:09:56,1160,59,20260728_080956_tp00012_t1160s_59.jpg,data/processed/20260728_080956_tp00012/20260728_080956_tp00012_t1160s_59.jpg,743636,1920,1080,125.12,43.12,726.0,1.016,1.0,False,False,False
20260728_080956_tp00012,tp00012,2026-07-28,08:09:56,1180,60,20260728_080956_tp00012_t1180s_60.jpg,data/processed/20260728_080956_tp00012/20260728_080956_tp00012_t1180s_60.jpg,732581,1920,1080,125.65,43.27,715.0,1.02,1.003,False,False,False
20260728_080956_tp00012,tp00012,2026-07-28,08:09:56,1200,61,20260728_080956_tp00012_t1200s_61.jpg,data/processed/20260728_080956_tp00012/20260728_080956_tp00012_t1200s_61.jpg,733477,1920,1080,124.18,42.28,716.0,1.008,0.981,False,False,False
20260728_080956_tp00012,tp00012,2026-07-28,08:09:56,1220,62,20260728_080956_tp00012_t1220s_62.jpg,data/processed/20260728_080956_tp00012/20260728_080956_tp00012_t1220s_62.jpg,682488,1920,1080,125.87,41.68,666.0,1.022,0.967,False,False,False
20260728_080956_tp00012,tp00012,2026-07-28,08:09:56,1240,63,20260728_080956_tp00012_t1240s_63.jpg,data/processed/20260728_080956_tp00012/20260728_080956_tp00012_t1240s_63.jpg,720274,1920,1080,126.34,41.43,703.0,1.026,0.961,False,False,False
20260728_083048_tp00013,tp00013,2026-07-28,08:30:48,0,1,20260728_083048_tp00013_t0000s_1.jpg,data/processed/20260728_083048_tp00013/20260728_083048_tp00013_t0000s_1.jpg,735332,1920,1080,125.99,41.69,718.0,1.007,0.979,False,False,False
20260728_083048_tp00013,tp00013,2026-07-28,08:30:48,20,2,20260728_083048_tp00013_t0020s_2.jpg,data/processed/20260728_083048_tp00013/20260728_083048_tp00013_t0020s_2.jpg,727998,1920,1080,125.17,41.7,711.0,1.0,0.979,False,False,False
20260728_083048_tp00013,tp00013,2026-07-28,08:30:48,40,3,20260728_083048_tp00013_t0040s_3.jpg,data/processed/20260728_083048_tp00013/20260728_083048_tp00013_t0040s_3.jpg,762179,1920,1080,125.33,41.6,744.0,1.001,0.977,False,False,False
20260728_083048_tp00013,tp00013,2026-07-28,08:30:48,60,4,20260728_083048_tp00013_t0060s_4.jpg,data/processed/20260728_083048_tp00013/20260728_083048_tp00013_t0060s_4.jpg,750644,1920,1080,125.77,41.69,733.0,1.005,0.979,False,False,False
20260728_083048_tp00013,tp00013,2026-07-28,08:30:48,80,5,20260728_083048_tp00013_t0080s_5.jpg,data/processed/20260728_083048_tp00013/20260728_083048_tp00013_t0080s_5.jpg,736997,1920,1080,125.49,42.12,720.0,1.003,0.989,False,False,False
20260728_083048_tp00013,tp00013,2026-07-28,08:30:48,100,6,20260728_083048_tp00013_t0100s_6.jpg,data/processed/20260728_083048_tp00013/20260728_083048_tp00013_t0100s_6.jpg,730942,1920,1080,126.23,41.77,714.0,1.008,0.981,False,False,False
20260728_083048_tp00013,tp00013,2026-07-28,08:30:48,120,7,20260728_083048_tp00013_t0120s_7.jpg,data/processed/20260728_083048_tp00013/20260728_083048_tp00013_t0120s_7.jpg,739856,1920,1080,126.21,42.15,723.0,1.008,0.99,False,False,False
20260728_083048_tp00013,tp00013,2026-07-28,08:30:48,140,8,20260728_083048_tp00013_t0140s_8.jpg,data/processed/20260728_083048_tp00013/20260728_083048_tp00013_t0140s_8.jpg,733965,1920,1080,126.38,42.79,717.0,1.01,1.005,False,False,False
20260728_083048_tp00013,tp00013,2026-07-28,08:30:48,160,9,20260728_083048_tp00013_t0160s_9.jpg,data/processed/20260728_083048_tp00013/20260728_083048_tp00013_t0160s_9.jpg,714141,1920,1080,127.07,42.26,697.0,1.015,0.992,False,False,False
20260728_083048_tp00013,tp00013,2026-07-28,08:30:48,180,10,20260728_083048_tp00013_t0180s_10.jpg,data/processed/20260728_083048_tp00013/20260728_083048_tp00013_t0180s_10.jpg,735318,1920,1080,127.8,42.49,718.0,1.021,0.998,False,False,False
20260728_083048_tp00013,tp00013,2026-07-28,08:30:48,200,11,20260728_083048_tp00013_t0200s_11.jpg,data/processed/20260728_083048_tp00013/20260728_083048_tp00013_t0200s_11.jpg,726475,1920,1080,127.17,41.86,709.0,1.016,0.983,False,False,False
20260728_083048_tp00013,tp00013,2026-07-28,08:30:48,220,12,20260728_083048_tp00013_t0220s_12.jpg,data/processed/20260728_083048_tp00013/20260728_083048_tp00013_t0220s_12.jpg,719050,1920,1080,128.28,41.57,702.0,1.025,0.976,False,False,False
20260728_083048_tp00013,tp00013,2026-07-28,08:30:48,240,13,20260728_083048_tp00013_t0240s_13.jpg,data/processed/20260728_083048_tp00013/20260728_083048_tp00013_t0240s_13.jpg,715856,1920,1080,128.0,40.89,699.0,1.023,0.96,False,False,False
20260728_083048_tp00013,tp00013,2026-07-28,08:30:48,260,14,20260728_083048_tp00013_t0260s_14.jpg,data/processed/20260728_083048_tp00013/20260728_083048_tp00013_t0260s_14.jpg,710951,1920,1080,127.93,40.96,694.0,1.022,0.962,False,False,False
20260728_083048_tp00013,tp00013,2026-07-28,08:30:48,280,15,20260728_083048_tp00013_t0280s_15.jpg,data/processed/20260728_083048_tp00013/20260728_083048_tp00013_t0280s_15.jpg,706691,1920,1080,126.9,40.09,690.0,1.014,0.942,False,False,False
20260728_083048_tp00013,tp00013,2026-07-28,08:30:48,300,16,20260728_083048_tp00013_t0300s_16.jpg,data/processed/20260728_083048_tp00013/20260728_083048_tp00013_t0300s_16.jpg,698437,1920,1080,127.46,39.99,682.0,1.018,0.939,False,False,False
20260728_083048_tp00013,tp00013,2026-07-28,08:30:48,320,17,20260728_083048_tp00013_t0320s_17.jpg,data/processed/20260728_083048_tp00013/20260728_083048_tp00013_t0320s_17.jpg,697154,1920,1080,127.7,40.03,681.0,1.02,0.94,False,False,False
20260728_083048_tp00013,tp00013,2026-07-28,08:30:48,340,18,20260728_083048_tp00013_t0340s_18.jpg,data/processed/20260728_083048_tp00013/20260728_083048_tp00013_t0340s_18.jpg,684740,1920,1080,128.36,39.99,669.0,1.025,0.939,False,False,False
20260728_083048_tp00013,tp00013,2026-07-28,08:30:48,360,19,20260728_083048_tp00013_t0360s_19.jpg,data/processed/20260728_083048_tp00013/20260728_083048_tp00013_t0360s_19.jpg,688798,1920,1080,128.89,39.17,673.0,1.03,0.92,False,False,False
20260728_083048_tp00013,tp00013,2026-07-28,08:30:48,380,20,20260728_083048_tp00013_t0380s_20.jpg,data/processed/20260728_083048_tp00013/20260728_083048_tp00013_t0380s_20.jpg,694280,1920,1080,129.58,39.25,678.0,1.035,0.922,False,False,False
20260728_083048_tp00013,tp00013,2026-07-28,08:30:48,400,21,20260728_083048_tp00013_t0400s_21.jpg,data/processed/20260728_083048_tp00013/20260728_083048_tp00013_t0400s_21.jpg,712151,1920,1080,131.31,39.37,695.0,1.049,0.925,False,False,False
20260728_083048_tp00013,tp00013,2026-07-28,08:30:48,420,22,20260728_083048_tp00013_t0420s_22.jpg,data/processed/20260728_083048_tp00013/20260728_083048_tp00013_t0420s_22.jpg,663856,1920,1080,131.34,38.35,648.0,1.049,0.901,False,False,False
20260728_083048_tp00013,tp00013,2026-07-28,08:30:48,440,23,20260728_083048_tp00013_t0440s_23.jpg,data/processed/20260728_083048_tp00013/20260728_083048_tp00013_t0440s_23.jpg,680540,1920,1080,129.23,38.04,665.0,1.032,0.893,False,False,False
20260728_083048_tp00013,tp00013,2026-07-28,08:30:48,460,24,20260728_083048_tp00013_t0460s_24.jpg,data/processed/20260728_083048_tp00013/20260728_083048_tp00013_t0460s_24.jpg,665896,1920,1080,129.16,38.33,650.0,1.032,0.9,False,False,False
20260728_083048_tp00013,tp00013,2026-07-28,08:30:48,480,25,20260728_083048_tp00013_t0480s_25.jpg,data/processed/20260728_083048_tp00013/20260728_083048_tp00013_t0480s_25.jpg,725526,1920,1080,129.47,39.54,709.0,1.034,0.929,False,False,False
20260728_083048_tp00013,tp00013,2026-07-28,08:30:48,500,26,20260728_083048_tp00013_t0500s_26.jpg,data/processed/20260728_083048_tp00013/20260728_083048_tp00013_t0500s_26.jpg,697721,1920,1080,128.64,37.81,681.0,1.028,0.888,False,False,False
20260728_083048_tp00013,tp00013,2026-07-28,08:30:48,520,27,20260728_083048_tp00013_t0520s_27.jpg,data/processed/20260728_083048_tp00013/20260728_083048_tp00013_t0520s_27.jpg,739296,1920,1080,130.85,38.0,722.0,1.045,0.892,False,False,False
20260728_083048_tp00013,tp00013,2026-07-28,08:30:48,540,28,20260728_083048_tp00013_t0540s_28.jpg,data/processed/20260728_083048_tp00013/20260728_083048_tp00013_t0540s_28.jpg,782339,1920,1080,129.23,38.68,764.0,1.032,0.908,False,False,False
20260728_083048_tp00013,tp00013,2026-07-28,08:30:48,560,29,20260728_083048_tp00013_t0560s_29.jpg,data/processed/20260728_083048_tp00013/20260728_083048_tp00013_t0560s_29.jpg,827620,1920,1080,127.77,40.97,808.0,1.021,0.962,False,False,False
20260728_083048_tp00013,tp00013,2026-07-28,08:30:48,580,30,20260728_083048_tp00013_t0580s_30.jpg,data/processed/20260728_083048_tp00013/20260728_083048_tp00013_t0580s_30.jpg,817277,1920,1080,126.11,42.48,798.0,1.008,0.998,False,False,False
20260728_083048_tp00013,tp00013,2026-07-28,08:30:48,600,31,20260728_083048_tp00013_t0600s_31.jpg,data/processed/20260728_083048_tp00013/20260728_083048_tp00013_t0600s_31.jpg,875272,1920,1080,124.23,43.83,855.0,0.992,1.029,False,False,False
20260728_083048_tp00013,tp00013,2026-07-28,08:30:48,620,32,20260728_083048_tp00013_t0620s_32.jpg,data/processed/20260728_083048_tp00013/20260728_083048_tp00013_t0620s_32.jpg,826646,1920,1080,125.16,43.62,807.0,1.0,1.024,False,False,False
20260728_083048_tp00013,tp00013,2026-07-28,08:30:48,640,33,20260728_083048_tp00013_t0640s_33.jpg,data/processed/20260728_083048_tp00013/20260728_083048_tp00013_t0640s_33.jpg,840993,1920,1080,123.07,43.93,821.0,0.983,1.032,False,False,False
20260728_083048_tp00013,tp00013,2026-07-28,08:30:48,660,34,20260728_083048_tp00013_t0660s_34.jpg,data/processed/20260728_083048_tp00013/20260728_083048_tp00013_t0660s_34.jpg,858562,1920,1080,123.94,44.6,838.0,0.99,1.047,False,False,False
20260728_083048_tp00013,tp00013,2026-07-28,08:30:48,680,35,20260728_083048_tp00013_t0680s_35.jpg,data/processed/20260728_083048_tp00013/20260728_083048_tp00013_t0680s_35.jpg,824340,1920,1080,120.76,42.6,805.0,0.965,1.0,False,False,False
20260728_083048_tp00013,tp00013,2026-07-28,08:30:48,700,36,20260728_083048_tp00013_t0700s_36.jpg,data/processed/20260728_083048_tp00013/20260728_083048_tp00013_t0700s_36.jpg,863064,1920,1080,121.26,43.3,843.0,0.969,1.017,False,False,False
20260728_083048_tp00013,tp00013,2026-07-28,08:30:48,720,37,20260728_083048_tp00013_t0720s_37.jpg,data/processed/20260728_083048_tp00013/20260728_083048_tp00013_t0720s_37.jpg,812989,1920,1080,123.88,43.13,794.0,0.99,1.013,False,False,False
20260728_083048_tp00013,tp00013,2026-07-28,08:30:48,740,38,20260728_083048_tp00013_t0740s_38.jpg,data/processed/20260728_083048_tp00013/20260728_083048_tp00013_t0740s_38.jpg,824486,1920,1080,123.32,43.99,805.0,0.985,1.033,False,False,False
20260728_083048_tp00013,tp00013,2026-07-28,08:30:48,760,39,20260728_083048_tp00013_t0760s_39.jpg,data/processed/20260728_083048_tp00013/20260728_083048_tp00013_t0760s_39.jpg,838135,1920,1080,122.3,44.01,818.0,0.977,1.034,False,False,False
20260728_083048_tp00013,tp00013,2026-07-28,08:30:48,780,40,20260728_083048_tp00013_t0780s_40.jpg,data/processed/20260728_083048_tp00013/20260728_083048_tp00013_t0780s_40.jpg,804483,1920,1080,121.52,42.89,786.0,0.971,1.007,False,False,False
20260728_083048_tp00013,tp00013,2026-07-28,08:30:48,800,41,20260728_083048_tp00013_t0800s_41.jpg,data/processed/20260728_083048_tp00013/20260728_083048_tp00013_t0800s_41.jpg,810896,1920,1080,120.5,43.47,792.0,0.963,1.021,False,False,False
20260728_083048_tp00013,tp00013,2026-07-28,08:30:48,820,42,20260728_083048_tp00013_t0820s_42.jpg,data/processed/20260728_083048_tp00013/20260728_083048_tp00013_t0820s_42.jpg,809077,1920,1080,122.27,42.67,790.0,0.977,1.002,False,False,False
20260728_083048_tp00013,tp00013,2026-07-28,08:30:48,840,43,20260728_083048_tp00013_t0840s_43.jpg,data/processed/20260728_083048_tp00013/20260728_083048_tp00013_t0840s_43.jpg,835042,1920,1080,123.65,42.43,815.0,0.988,0.996,False,False,False
20260728_083048_tp00013,tp00013,2026-07-28,08:30:48,860,44,20260728_083048_tp00013_t0860s_44.jpg,data/processed/20260728_083048_tp00013/20260728_083048_tp00013_t0860s_44.jpg,834767,1920,1080,123.5,42.6,815.0,0.987,1.0,False,False,False
20260728_083048_tp00013,tp00013,2026-07-28,08:30:48,880,45,20260728_083048_tp00013_t0880s_45.jpg,data/processed/20260728_083048_tp00013/20260728_083048_tp00013_t0880s_45.jpg,814139,1920,1080,124.27,42.43,795.0,0.993,0.996,False,False,False
20260728_083048_tp00013,tp00013,2026-07-28,08:30:48,900,46,20260728_083048_tp00013_t0900s_46.jpg,data/processed/20260728_083048_tp00013/20260728_083048_tp00013_t0900s_46.jpg,806651,1920,1080,121.19,42.58,788.0,0.968,1.0,False,False,False
20260728_083048_tp00013,tp00013,2026-07-28,08:30:48,920,47,20260728_083048_tp00013_t0920s_47.jpg,data/processed/20260728_083048_tp00013/20260728_083048_tp00013_t0920s_47.jpg,809718,1920,1080,119.39,43.64,791.0,0.954,1.025,False,False,False
20260728_083048_tp00013,tp00013,2026-07-28,08:30:48,940,48,20260728_083048_tp00013_t0940s_48.jpg,data/processed/20260728_083048_tp00013/20260728_083048_tp00013_t0940s_48.jpg,796913,1920,1080,123.01,46.3,778.0,0.983,1.087,False,False,False
20260728_083048_tp00013,tp00013,2026-07-28,08:30:48,960,49,20260728_083048_tp00013_t0960s_49.jpg,data/processed/20260728_083048_tp00013/20260728_083048_tp00013_t0960s_49.jpg,803966,1920,1080,121.63,44.51,785.0,0.972,1.045,False,False,False
20260728_083048_tp00013,tp00013,2026-07-28,08:30:48,980,50,20260728_083048_tp00013_t0980s_50.jpg,data/processed/20260728_083048_tp00013/20260728_083048_tp00013_t0980s_50.jpg,801530,1920,1080,121.02,46.09,783.0,0.967,1.082,False,False,False
20260728_083048_tp00013,tp00013,2026-07-28,08:30:48,1000,51,20260728_083048_tp00013_t1000s_51.jpg,data/processed/20260728_083048_tp00013/20260728_083048_tp00013_t1000s_51.jpg,849173,1920,1080,118.68,44.86,829.0,0.948,1.054,False,False,False
20260728_083048_tp00013,tp00013,2026-07-28,08:30:48,1020,52,20260728_083048_tp00013_t1020s_52.jpg,data/processed/20260728_083048_tp00013/20260728_083048_tp00013_t1020s_52.jpg,796089,1920,1080,120.53,45.27,777.0,0.963,1.063,False,False,False
20260728_083048_tp00013,tp00013,2026-07-28,08:30:48,1040,53,20260728_083048_tp00013_t1040s_53.jpg,data/processed/20260728_083048_tp00013/20260728_083048_tp00013_t1040s_53.jpg,795523,1920,1080,120.46,44.49,777.0,0.962,1.045,False,False,False
20260728_083048_tp00013,tp00013,2026-07-28,08:30:48,1060,54,20260728_083048_tp00013_t1060s_54.jpg,data/processed/20260728_083048_tp00013/20260728_083048_tp00013_t1060s_54.jpg,844449,1920,1080,119.88,46.04,825.0,0.958,1.081,False,False,False
20260728_083048_tp00013,tp00013,2026-07-28,08:30:48,1080,55,20260728_083048_tp00013_t1080s_55.jpg,data/processed/20260728_083048_tp00013/20260728_083048_tp00013_t1080s_55.jpg,837493,1920,1080,120.83,45.17,818.0,0.965,1.061,False,False,False
20260728_083048_tp00013,tp00013,2026-07-28,08:30:48,1100,56,20260728_083048_tp00013_t1100s_56.jpg,data/processed/20260728_083048_tp00013/20260728_083048_tp00013_t1100s_56.jpg,810293,1920,1080,121.81,44.88,791.0,0.973,1.054,False,False,False
20260728_083048_tp00013,tp00013,2026-07-28,08:30:48,1120,57,20260728_083048_tp00013_t1120s_57.jpg,data/processed/20260728_083048_tp00013/20260728_083048_tp00013_t1120s_57.jpg,783129,1920,1080,120.01,46.01,765.0,0.959,1.081,False,False,False
20260728_083048_tp00013,tp00013,2026-07-28,08:30:48,1140,58,20260728_083048_tp00013_t1140s_58.jpg,data/processed/20260728_083048_tp00013/20260728_083048_tp00013_t1140s_58.jpg,776230,1920,1080,121.86,47.03,758.0,0.974,1.105,False,False,False
20260728_083048_tp00013,tp00013,2026-07-28,08:30:48,1160,59,20260728_083048_tp00013_t1160s_59.jpg,data/processed/20260728_083048_tp00013/20260728_083048_tp00013_t1160s_59.jpg,787959,1920,1080,125.24,46.78,769.0,1.001,1.099,False,False,False
20260728_083048_tp00013,tp00013,2026-07-28,08:30:48,1180,60,20260728_083048_tp00013_t1180s_60.jpg,data/processed/20260728_083048_tp00013/20260728_083048_tp00013_t1180s_60.jpg,787987,1920,1080,124.0,47.1,770.0,0.991,1.106,False,False,False
20260728_083048_tp00013,tp00013,2026-07-28,08:30:48,1200,61,20260728_083048_tp00013_t1200s_61.jpg,data/processed/20260728_083048_tp00013/20260728_083048_tp00013_t1200s_61.jpg,769102,1920,1080,125.54,45.54,751.0,1.003,1.07,False,False,False
20260728_083048_tp00013,tp00013,2026-07-28,08:30:48,1220,62,20260728_083048_tp00013_t1220s_62.jpg,data/processed/20260728_083048_tp00013/20260728_083048_tp00013_t1220s_62.jpg,756492,1920,1080,121.87,45.44,739.0,0.974,1.067,False,False,False
20260728_083048_tp00013,tp00013,2026-07-28,08:30:48,1240,63,20260728_083048_tp00013_t1240s_63.jpg,data/processed/20260728_083048_tp00013/20260728_083048_tp00013_t1240s_63.jpg,799800,1920,1080,123.42,47.32,781.0,0.986,1.111,False,False,False
20260728_085142_tp00014,tp00014,2026-07-28,08:51:42,0,1,20260728_085142_tp00014_t0000s_1.jpg,data/processed/20260728_085142_tp00014/20260728_085142_tp00014_t0000s_1.jpg,779233,1920,1080,122.93,46.45,761.0,0.993,1.023,False,False,False
20260728_085142_tp00014,tp00014,2026-07-28,08:51:42,20,2,20260728_085142_tp00014_t0020s_2.jpg,data/processed/20260728_085142_tp00014/20260728_085142_tp00014_t0020s_2.jpg,793666,1920,1080,125.51,46.64,775.0,1.014,1.027,False,False,False
20260728_085142_tp00014,tp00014,2026-07-28,08:51:42,40,3,20260728_085142_tp00014_t0040s_3.jpg,data/processed/20260728_085142_tp00014/20260728_085142_tp00014_t0040s_3.jpg,813551,1920,1080,124.22,46.47,794.0,1.003,1.023,False,False,False
20260728_085142_tp00014,tp00014,2026-07-28,08:51:42,60,4,20260728_085142_tp00014_t0060s_4.jpg,data/processed/20260728_085142_tp00014/20260728_085142_tp00014_t0060s_4.jpg,761747,1920,1080,126.33,46.25,744.0,1.02,1.018,False,False,False
20260728_085142_tp00014,tp00014,2026-07-28,08:51:42,80,5,20260728_085142_tp00014_t0080s_5.jpg,data/processed/20260728_085142_tp00014/20260728_085142_tp00014_t0080s_5.jpg,799284,1920,1080,125.13,45.54,781.0,1.011,1.003,False,False,False
20260728_085142_tp00014,tp00014,2026-07-28,08:51:42,100,6,20260728_085142_tp00014_t0100s_6.jpg,data/processed/20260728_085142_tp00014/20260728_085142_tp00014_t0100s_6.jpg,765285,1920,1080,125.06,45.42,747.0,1.01,1.0,False,False,False
20260728_085142_tp00014,tp00014,2026-07-28,08:51:42,120,7,20260728_085142_tp00014_t0120s_7.jpg,data/processed/20260728_085142_tp00014/20260728_085142_tp00014_t0120s_7.jpg,759408,1920,1080,125.56,45.43,742.0,1.014,1.0,False,False,False
20260728_085142_tp00014,tp00014,2026-07-28,08:51:42,140,8,20260728_085142_tp00014_t0140s_8.jpg,data/processed/20260728_085142_tp00014/20260728_085142_tp00014_t0140s_8.jpg,762383,1920,1080,125.14,44.8,745.0,1.011,0.986,False,False,False
20260728_085142_tp00014,tp00014,2026-07-28,08:51:42,160,9,20260728_085142_tp00014_t0160s_9.jpg,data/processed/20260728_085142_tp00014/20260728_085142_tp00014_t0160s_9.jpg,836834,1920,1080,123.29,46.06,817.0,0.996,1.014,False,False,False
20260728_085142_tp00014,tp00014,2026-07-28,08:51:42,180,10,20260728_085142_tp00014_t0180s_10.jpg,data/processed/20260728_085142_tp00014/20260728_085142_tp00014_t0180s_10.jpg,798971,1920,1080,125.85,45.7,780.0,1.017,1.006,False,False,False
20260728_085142_tp00014,tp00014,2026-07-28,08:51:42,200,11,20260728_085142_tp00014_t0200s_11.jpg,data/processed/20260728_085142_tp00014/20260728_085142_tp00014_t0200s_11.jpg,821577,1920,1080,126.22,45.83,802.0,1.02,1.009,False,False,False
20260728_085142_tp00014,tp00014,2026-07-28,08:51:42,220,12,20260728_085142_tp00014_t0220s_12.jpg,data/processed/20260728_085142_tp00014/20260728_085142_tp00014_t0220s_12.jpg,798458,1920,1080,125.03,45.58,780.0,1.01,1.004,False,False,False
20260728_085142_tp00014,tp00014,2026-07-28,08:51:42,240,13,20260728_085142_tp00014_t0240s_13.jpg,data/processed/20260728_085142_tp00014/20260728_085142_tp00014_t0240s_13.jpg,786983,1920,1080,126.32,45.08,769.0,1.02,0.993,False,False,False
20260728_085142_tp00014,tp00014,2026-07-28,08:51:42,260,14,20260728_085142_tp00014_t0260s_14.jpg,data/processed/20260728_085142_tp00014/20260728_085142_tp00014_t0260s_14.jpg,781075,1920,1080,125.06,44.73,763.0,1.01,0.985,False,False,False
20260728_085142_tp00014,tp00014,2026-07-28,08:51:42,280,15,20260728_085142_tp00014_t0280s_15.jpg,data/processed/20260728_085142_tp00014/20260728_085142_tp00014_t0280s_15.jpg,790965,1920,1080,123.69,45.43,772.0,0.999,1.0,False,False,False
20260728_085142_tp00014,tp00014,2026-07-28,08:51:42,300,16,20260728_085142_tp00014_t0300s_16.jpg,data/processed/20260728_085142_tp00014/20260728_085142_tp00014_t0300s_16.jpg,801822,1920,1080,123.4,46.03,783.0,0.997,1.013,False,False,False
20260728_085142_tp00014,tp00014,2026-07-28,08:51:42,320,17,20260728_085142_tp00014_t0320s_17.jpg,data/processed/20260728_085142_tp00014/20260728_085142_tp00014_t0320s_17.jpg,755491,1920,1080,123.64,45.61,738.0,0.999,1.004,False,False,False
20260728_085142_tp00014,tp00014,2026-07-28,08:51:42,340,18,20260728_085142_tp00014_t0340s_18.jpg,data/processed/20260728_085142_tp00014/20260728_085142_tp00014_t0340s_18.jpg,734877,1920,1080,123.88,44.98,718.0,1.001,0.99,False,False,False
20260728_085142_tp00014,tp00014,2026-07-28,08:51:42,360,19,20260728_085142_tp00014_t0360s_19.jpg,data/processed/20260728_085142_tp00014/20260728_085142_tp00014_t0360s_19.jpg,715423,1920,1080,124.78,43.17,699.0,1.008,0.95,False,False,False
20260728_085142_tp00014,tp00014,2026-07-28,08:51:42,380,20,20260728_085142_tp00014_t0380s_20.jpg,data/processed/20260728_085142_tp00014/20260728_085142_tp00014_t0380s_20.jpg,721052,1920,1080,125.77,44.0,704.0,1.016,0.969,False,False,False
20260728_085142_tp00014,tp00014,2026-07-28,08:51:42,400,21,20260728_085142_tp00014_t0400s_21.jpg,data/processed/20260728_085142_tp00014/20260728_085142_tp00014_t0400s_21.jpg,760385,1920,1080,126.27,43.83,743.0,1.02,0.965,False,False,False
20260728_085142_tp00014,tp00014,2026-07-28,08:51:42,420,22,20260728_085142_tp00014_t0420s_22.jpg,data/processed/20260728_085142_tp00014/20260728_085142_tp00014_t0420s_22.jpg,712962,1920,1080,124.17,41.65,696.0,1.003,0.917,False,False,False
20260728_085142_tp00014,tp00014,2026-07-28,08:51:42,440,23,20260728_085142_tp00014_t0440s_23.jpg,data/processed/20260728_085142_tp00014/20260728_085142_tp00014_t0440s_23.jpg,714636,1920,1080,124.15,41.83,698.0,1.003,0.921,False,False,False
20260728_085142_tp00014,tp00014,2026-07-28,08:51:42,460,24,20260728_085142_tp00014_t0460s_24.jpg,data/processed/20260728_085142_tp00014/20260728_085142_tp00014_t0460s_24.jpg,710489,1920,1080,122.9,42.27,694.0,0.993,0.931,False,False,False
20260728_085142_tp00014,tp00014,2026-07-28,08:51:42,480,25,20260728_085142_tp00014_t0480s_25.jpg,data/processed/20260728_085142_tp00014/20260728_085142_tp00014_t0480s_25.jpg,681202,1920,1080,122.82,42.17,665.0,0.992,0.928,False,False,False
20260728_085142_tp00014,tp00014,2026-07-28,08:51:42,500,26,20260728_085142_tp00014_t0500s_26.jpg,data/processed/20260728_085142_tp00014/20260728_085142_tp00014_t0500s_26.jpg,745813,1920,1080,122.71,43.82,728.0,0.991,0.965,False,False,False
20260728_085142_tp00014,tp00014,2026-07-28,08:51:42,520,27,20260728_085142_tp00014_t0520s_27.jpg,data/processed/20260728_085142_tp00014/20260728_085142_tp00014_t0520s_27.jpg,754774,1920,1080,122.33,44.86,737.0,0.988,0.988,False,False,False
20260728_085142_tp00014,tp00014,2026-07-28,08:51:42,540,28,20260728_085142_tp00014_t0540s_28.jpg,data/processed/20260728_085142_tp00014/20260728_085142_tp00014_t0540s_28.jpg,758873,1920,1080,121.48,45.05,741.0,0.981,0.992,False,False,False
20260728_085142_tp00014,tp00014,2026-07-28,08:51:42,560,29,20260728_085142_tp00014_t0560s_29.jpg,data/processed/20260728_085142_tp00014/20260728_085142_tp00014_t0560s_29.jpg,772604,1920,1080,121.91,45.02,754.0,0.985,0.991,False,False,False
20260728_085142_tp00014,tp00014,2026-07-28,08:51:42,580,30,20260728_085142_tp00014_t0580s_30.jpg,data/processed/20260728_085142_tp00014/20260728_085142_tp00014_t0580s_30.jpg,776119,1920,1080,120.64,45.86,758.0,0.974,1.01,False,False,False
20260728_085142_tp00014,tp00014,2026-07-28,08:51:42,600,31,20260728_085142_tp00014_t0600s_31.jpg,data/processed/20260728_085142_tp00014/20260728_085142_tp00014_t0600s_31.jpg,774419,1920,1080,121.69,45.81,756.0,0.983,1.009,False,False,False
20260728_085142_tp00014,tp00014,2026-07-28,08:51:42,620,32,20260728_085142_tp00014_t0620s_32.jpg,data/processed/20260728_085142_tp00014/20260728_085142_tp00014_t0620s_32.jpg,792896,1920,1080,124.23,45.47,774.0,1.003,1.001,False,False,False
20260728_085142_tp00014,tp00014,2026-07-28,08:51:42,640,33,20260728_085142_tp00014_t0640s_33.jpg,data/processed/20260728_085142_tp00014/20260728_085142_tp00014_t0640s_33.jpg,759022,1920,1080,123.9,46.59,741.0,1.001,1.026,False,False,False
20260728_085142_tp00014,tp00014,2026-07-28,08:51:42,660,34,20260728_085142_tp00014_t0660s_34.jpg,data/processed/20260728_085142_tp00014/20260728_085142_tp00014_t0660s_34.jpg,771475,1920,1080,124.81,45.12,753.0,1.008,0.993,False,False,False
20260728_085142_tp00014,tp00014,2026-07-28,08:51:42,680,35,20260728_085142_tp00014_t0680s_35.jpg,data/processed/20260728_085142_tp00014/20260728_085142_tp00014_t0680s_35.jpg,735236,1920,1080,122.01,45.07,718.0,0.986,0.992,False,False,False
20260728_085142_tp00014,tp00014,2026-07-28,08:51:42,700,36,20260728_085142_tp00014_t0700s_36.jpg,data/processed/20260728_085142_tp00014/20260728_085142_tp00014_t0700s_36.jpg,794926,1920,1080,122.54,45.55,776.0,0.99,1.003,False,False,False
20260728_085142_tp00014,tp00014,2026-07-28,08:51:42,720,37,20260728_085142_tp00014_t0720s_37.jpg,data/processed/20260728_085142_tp00014/20260728_085142_tp00014_t0720s_37.jpg,774399,1920,1080,123.8,44.28,756.0,1.0,0.975,False,False,False
20260728_085142_tp00014,tp00014,2026-07-28,08:51:42,740,38,20260728_085142_tp00014_t0740s_38.jpg,data/processed/20260728_085142_tp00014/20260728_085142_tp00014_t0740s_38.jpg,800745,1920,1080,121.68,45.31,782.0,0.983,0.998,False,False,False
20260728_085142_tp00014,tp00014,2026-07-28,08:51:42,760,39,20260728_085142_tp00014_t0760s_39.jpg,data/processed/20260728_085142_tp00014/20260728_085142_tp00014_t0760s_39.jpg,779412,1920,1080,121.47,44.99,761.0,0.981,0.991,False,False,False
20260728_085142_tp00014,tp00014,2026-07-28,08:51:42,780,40,20260728_085142_tp00014_t0780s_40.jpg,data/processed/20260728_085142_tp00014/20260728_085142_tp00014_t0780s_40.jpg,767569,1920,1080,119.84,44.77,750.0,0.968,0.986,False,False,False
20260728_085142_tp00014,tp00014,2026-07-28,08:51:42,800,41,20260728_085142_tp00014_t0800s_41.jpg,data/processed/20260728_085142_tp00014/20260728_085142_tp00014_t0800s_41.jpg,757368,1920,1080,119.13,45.43,740.0,0.962,1.0,False,False,False
20260728_085142_tp00014,tp00014,2026-07-28,08:51:42,820,42,20260728_085142_tp00014_t0820s_42.jpg,data/processed/20260728_085142_tp00014/20260728_085142_tp00014_t0820s_42.jpg,756298,1920,1080,120.12,45.83,739.0,0.97,1.009,False,False,False
20260728_085142_tp00014,tp00014,2026-07-28,08:51:42,840,43,20260728_085142_tp00014_t0840s_43.jpg,data/processed/20260728_085142_tp00014/20260728_085142_tp00014_t0840s_43.jpg,763777,1920,1080,119.57,47.23,746.0,0.966,1.04,False,False,False
